ID,Word,Action,Appearance,Behavior,BodyPart,Category,Climate,Color,Covering,Danger,Diet,Emotion,Era,Function,Growth,Location,Material,Movement,Parts,Power,Process,Property,Region,Shape,Size,Smell,Sociality,Sound,Speed,State,Taste,Temperature,Texture,Time,User,Value,Weight
1,Chicken,,,22,,1;2;16;25;27;50,,15,8,,3;12,,,7;9,2,52,,1,23;24;31,,,,,,2,,5,19,,,,,,,,,
2,Turkey,,,44,,1;2;16;25;27;50,,15,8,,3;12,,,7,2,52,,1,23;24;65,,,,,,3,,5,34,,,,,,,,,
3,Duck,,,,,1;2;16;45;50,,15,8,,3;30,,,7;9,2;5,11,,8;10,23;27;29,,,,,,2,,5,,,,,,,,,,
4,Goose,,,,,1;2;16;45;50,,13,8,45,1;7,,,7;13,2;5,10,,8;10,18;23;27;29,,,,,,3,,5,18,,,,,,,,,
5,Swan,,,,,1;2;16;45,,12,8,45,1;30,,,,2;10,10,,8;10,18;23;27;29,,,,,,3,,2,7,,,,,,,,,
6,Pigeon,,8,45,,1;2;16;30,,13,8,9,1;12,,,260,2,58,,1;10,23;24,,,,,,2,,5,21,,,,,,,,,
7,Dove,,,38,,1;2;16,,12,8,,1;12,,,,2;10,42,,1;10,23;24,,,,,,2,,2,21,,,,,,,,,
8,Sparrow,,,,,1;2;16;46,,15,8,,3;10,,,,2,58,,5;10,23;24,,,,,,1,,5,16,,,,,,,,,
9,Finch,,,10,,1;2;16;46,,1,8,,1;10,,,,2,2,,5;10,23;24,,,,,,1,,5,17,,,,,,,,,
10,Canary,,,10,,1;2;16;25;26;46,,6,8,,1;10,,,1,2,124,,5;10,23;24,,,,,,1,,13,17,,,,,,,,,
11,Robin,,,10,,1;2;16;46,,8;15,8,,3;21,,,,2,42,,5;10,23;24,,,,,,1,,1,17,,,,,,,,,
12,Blackbird,,,10,,1;2;16;46,,11,8,,3;21,,,,2,42,,5;10,23;24,,,,,,2,,2,17,,,,,,,,,
13,Starling,,8,23,,1;2;16;30;46,,11,8,10,3;20,,,,2,25,,1;10,23;24,,,,,,2,,5,30,,,,,,,,,
14,Swallow,,,89,,1;2;16;46,,3,8,,4;20,,,,2;5,25,,10;11,24;292;294,,,,,,1,,5,,,,,,,,,,
15,Crow,,,3,,1;2;16;52,,11,8,10,3;26,,,,2,25,,1;10,23;24,,,,,,2,,5,22,,,,,,,,,
16,Raven,,,3,,1;2;16;52,,11,8,,3;26,,,,2;10,6,,10;12,23;24,,,,,,2,,2,27,,,,,,,,,
17,Magpie,,7,40,,1;2;16;52,,11;12,8,,3,,,,2,25,,1;10,23;24;58,,,,,,2,,2,30,,,,,,,,,
18,Eagle,,,41,,1;2;16;29;44,,15,8,,2;25,,,,2,6,,10;12,23;25;28,,,,,,3,,2,24,,,,,,,,,
19,Hawk,,3,41,,1;2;16;29;44,,15,8,,2;24,,,3,2,2,,10;12,23;25;28,,,,,,2,,1,24,,,,,,,,,
20,Falcon,,,41,,1;2;16;29;44,,13,8,,2,,,3,2,27,,9;10,23;25;28,,,,,,2,,2,24,5,,,,,,,,
21,Owl,,5,,,1;2;16;29;44,,15,8,,2;24,,,14,2,2,,10;11,23;25;28;54,,,,,,2,,1,23,,,,,,10,,,
22,Vulture,,,3,,1;2;16;44,,15,8,,5;26,,,,2,5,,10;12,23;25;291,,,,,,3,,5,7,,,,,,,,,
23,Parrot,,19,11,,1;2;16;26;53,,4,8,45,1;9,,,1,2,7,,7;10,23;25;58,,,,,,2,,5,25;39,,,,,,,,,
24,Parakeet,,19,11,,1;2;16;25;26;53,,4,8,,1;10,,,1,2,124,,7;10,23;25;58,,,,6,,1,,13,16,,,,,,,,,
25,Toucan,,19,40,,1;2;16,,11,8,,3;9,,,,2,7,,5;10,23;293,,,,5,,2,,5,27,,,,,,,,,
26,Hummingbird,,8,12,,1;2;16,,4,8,,3;14,,,15,2;5,42,,10;13,23;26,,,,4;5,,1,,1,38,,,,,,,,,
27,Woodpecker,,7,33,,1;2;16,,11;12,8,,4;20,,,14,2,1,,7;10,23;42,,,,,,2,,1,35,,,,,,,,,
28,Kingfisher,,19,43,,1;2;16;29,,3;8,8,,2;22,,,,2,9,,9;10,23;26,,,,,,1,,1,33,,,,,,,,,
29,Cuckoo,,3,,,1;2;16,,13,8,,4;20,,,,2;5;40,2,,10,23;24;58,,,,,,2,,1,124,,,,,,,,,
30,Peacock,,8,44,,1;2;16;51,,3,8,,3;10,,,20,2,80,,1,23;24;44,,,,17,,3,,9,24,,,,,,,,,
31,Pheasant,,8,22,,1;2;16;51,,15,8,,3;10,,,7,2,25,,1;10,23;24;58,,,,,,2,,1,20,,,,,,,,,
32,Quail,,4,,,1;2;16;51,,15,8,,3;10,,,7;9,2;5,24,,1;2,23;24;59,,,,,,2,,5,33,,,,,,,,,
33,Penguin,,7,,,1;2;16;29;47;49,,11;12,8,,2;22,,,,2,19,,8;19,20;24;29,,,,7,,3,,7,25,,,,,,,,,
34,Puffin,,7,39,,1;2;16;29;47,,11;12,8,,2;22,,,,2,27,,8;10,23;29;293,,,,11,,2,,7,3,,,,,,,,,
35,Seagull,,,3,,1;2;16;47,,12,8,,3;22,,,,2,14,,10;12,23;24;29,,,,,,2,,7,25,,,,,,,,,
36,Albatross,,,88,,1;2;16;47,,12,8,,2,,,,2;10,13,,10;12,24;29;292,,,,,,3,,2,25,,,,,,,,,
37,Pelican,,,43,,1;2;16;29;47,,12,8,,2;22,,,,2,14,,8;10,23;66;293,,,,,,3,,5,,,,,,,,,,
38,Heron,,,,,1;2;16;29;48,,13,8,,2;22,,,,2,9,,10;20,18;23;26;32,,,,,,3,,1,25,,,,,,,,,
39,Stork,,,88,,1;2;16;29;48,,11;12,8,,2,,,,2;5,23;122,,10;12,18;23;26;32,,,,3,,3,,2,64,,,,,,,,,
40,Crane,,,,,1;2;16;48,,13,8,,3;12,,,,2;5,121,,10;20,18;23;26;32,,,,,,3,,5,29,,,,,,,,,
41,Flamingo,,,42,,1;2;16;48,,10,8,,6;17,,,,2,,,10;20,18;23;32,,,,,,3,,7,18,,,,,,,,,
42,Ostrich,,,,,1;2;16;49,,11,8,6,1;7,,,7;13,2,4,,2,18;23;24;32,,,,1,,4,,4,47,5,,,,,,,,
43,Emu,,,,,1;2;16;49,,15,8,6,3;9,,,7,2,33,,2,18;23;24;32,,,,6,,4,,2,47,,,,,,,,,
44,Head,61;163;167,,,26,13,,,2;6,65,,,,288,,,57,45,,,,36;65,,1,2,,,,,,,,4,,,,
45,Face,166,,,1,13,,,6,,,,,,,,58;59,,,,,36;66,,3,2,,,,,,,,1;3,,,,
46,Eye,,,,1;2,13;255;259,,3;15,,37;61;72,,,,280,,,64,,180,,,35;66,,2,1,,,,,,,,10;46,,,,
47,Ear,37,,,1,13;255;259,,,6,58;66,,,,281;300,,,60,,,,,35;66,,18,1,,,,,,,,3;30,,,,
48,Nose,24;162,,,2,13;255;259;260,,,6,63;67,,,,282;287,,,57;60,,305,,,36;66,,20,1,,,,,,,,3,,,,
49,Mouth,164;165;166,,,2,13;260,,1;10,,,,,,93;286;287,,,58;59,,,,,36,,3,2,,,39;104,,,,,3;10,,,,
50,Lip,73;165;166,,,2;6,13;260,,1;10,6,,,,,286,,,58;59,,,,,35;66,,18,1,,,33,,,,,1;3;10,,,,
51,Tongue,73;160;164,,,6,13;255;259,,10,,14,,,,283;286;301,,,58,,119,,,36;66;67,,10,2,,,58;111,,,,,2;10;30,,,,
52,Tooth,71;72;212,,,6,13,,12,,41,,20,,285,,,,,85;282,,,63,,,1,,,30;109,,,,,1;4,,,,
53,Hair,66;199;213,,,1,13,,11;15,,,,,,117;136,,,61,,85;275,,,64,,11;12,2,,,,,,,,3;16,,,,
54,Neck,61;167;168,,,26,13,,,6,38;63,,,,287;296;301,,,57;58,38;45,,,,36;65,,4;17,2,,,,,,,,3;30,,,,
55,Shoulder,17;118,,,15;26,13;258,,,6,38;64,,,,70;298,,,57;58,44,117,,,35;67,,1,2,,,,,,,,5,,,,
56,Arm,18;118;175,,,26,13;257,,,2;6,62;63,,,,69;70,,,57;58,18;38,,,,35;67,,11,3,,,,,,,,5,,,,
57,Elbow,168;170,,,15,13;258,,,6,38;62,,,,295;298,,,57;60,38,,,,35;68;69,,20,2,,,,,,,,4,,,,
58,Wrist,62;168,,,15;17,13;258,,,6,38;63;64,,,,295;298,,,57;60,38;39;48,,,,35;68,,17,2,,,,,,,,30,,,,
59,Hand,171;172,,,15,13,,,6,12;14;60,,,,84;284;292,,,57;58,,283;284,,,35;66,,10,2,,,98,,,,,3,,,,
60,Finger,142;152;161,,,17,13;263,,,6,13;18;31,,,,284;292,,,57;61,38,119;285,,,63;66,,11;12,1,,,58;81,,,,,3;30,,,,
61,Thumb,142;147;171,,,17,13;263,,,6,18;64,,,,84;292,,,57;61,38,119;285,,,35,,13;15,1,,,,,,,,3;30,,,,
62,Fingernail,71;112,,,18,13,,10,,2,,,,130;136,,,61,,119,,,63,,10;12,1,,,81;110,,,,,1;4,,,,
63,Chest,162,,,11;26,13,,,2;6,63;66,,,,287;297,,,57;58,40,110,,,36;67,,16,3,,,106;107,,,,,5,,,,
64,Back,17;168;169,,,11,13,,,6,35;38,,,,70;295;296,,,57;58,38;48,110;258,,,36;67,,10;16,3,,,,,,,,5,,,,
65,Belly,221,,,11;28,13,,,6,70,,,,290,,,58;63,40,,,,36,,1,3,,,55;78,,,,,3,,,,
66,Hip,145;168,,,14;27,13;258,,,6,63,,,,293;295;296,,,57;60,44,,,,35;68,,1;16,2,,,,,,,,5,,,,
67,Leg,20;87;173,,,27,13;257,,,2;6,62;63,,,,293;294;296,,,57;58,38,,,,35;67,,11,3,,,,,,,,5,,,,
68,Knee,168;170;174,,,19,13;258,,,6,38;62;64,,,,293;295,,,57;60,38,108,,,35;68;69,,1,2,,,84,,,,,4,,,,
69,Ankle,62;168;170,,,19;20,13;258,,,6,63;64,,,,293;295;300,,,57;60,38;48,,,,35;68,,17,2,,,,,,,,30,,,,
70,Foot,20;87,,,19,13,,,6,12;13;60,,,,293;296,,,57;58,,193;194,,,35;66,,10,2,31,,105,,,,,45,,,,
71,Toe,,,,20,13;263,,,6,31;63,,20,,293;300,,,57;61,38,119,,,63,,15,1,,,81,,,,,3,,,,
72,Skin,41;110;161,,,22,13;255;262,,10;15,2,14;35;46,,,,130;284;299,32,,61;63,,105,,,1;66,,12,,,,,,,,,1;3;31,,,,
73,Bone,150;154,,,22;25,13;262,,12,,63,,,,296;297;298,32,,122,,,,,8;52;64,,11;34,2,,,,,,,,4;29,,,,
74,Skull,150,,,1;25,13;261,,12,2;6,63;65,,2,,297,,,122,,118,,,8;36;52,,1;25;34,2,,,,,,,,4;29,,,,
75,Rib,,,,12;25,13;261,,12,,62;63,,,,287;297,,,60;122,40,,,,35;63,,12;18,2,,,,,,,,4;30,,,,
76,Spine,168;169,,,13;25,13;261,,12,,38;63,,,,295;296;297,,,60;64;122,38;48,74,,,36;65,,11;18,3,,,,,,,,4;30,,,,
77,Muscle,103;169;170,,,22;25,13;262,,1,6,38;62,,,,69;296;298,,,59,,276,,,52;64,,,2,,,,,,,,5;31;37,,,,
78,Heart,144,,,12;25,13;255;256,,1,,,,1;9,,289;302,,,58,39;47,169,,,36;65;67,,28;40,2,,,51;106,,,,,5,,,,
79,Lung,24;58;162,,,12;25,13;255;256,,10,,36;55;66,,,,287;302,,,,40,81;172,,,35;65,,58,2,,,107,,,,,24;31,,,,
80,Brain,95;163,,,1;25,13;255;256,,10;13,,65,,12,,288;298;299,,,63;64,,234,,,36;65,,1;58,2,,,,,,,,3;47,,,,
81,Stomach,16,,,25;28,13;255;256,,10,,66;70,,14,,98;107;290,,,58,40,278,,,36;67,,18;34,2,,,55;78,,,,,3;31,,,,
82,Liver,,,,25;28,13;255;256,,17,,21;27;66,,,,290;291;303,32,,59;62,,,,,36;65,,33;58,2,,,,,,,,1;3,,,,
83,Kidney,,,,25;28,13;255;256,,17,,21;50;66,,,,291;303,,,59;62,,,,,35;65,,51,2,,,,,,,,1;5,,,,
84,Blood,,,,22;25,13;262,,1;2,,66;67,,2,,51;130;302,,,4;31,32;39,234,,,65,,,,27,,,,2,4,2,7;41,,,,
85,House,12;93,,,,9;208;209,,,,,,6;17,,164;165,,59,22,,131;221;222;223;230,,,,,,5,,21;24,,,,,,,,59,4,
86,Cottage,12;93,,,,9;208;209,,,,,,6;17,4,164;165,,60;61,19;120,,131;221;222;223,,,,,,4,,21;24,,,,,,,,59,4,
87,Apartment,12;93,,,,9;208;209,,,,,,6;17,6,164;165,,58,21,,131;222;230,,,,,,4,,21;24,,,,,,,,59,3,
88,Mansion,12;93,,,,9;208;209,,,,,,6;15;17,,164;165,,61,19;20,,221;222;230;240;307,,,,,,6,,21;24,,,,,,,,59,5,
89,Cabin,12;93,,,,9;208;209;210,,,,,,6;17,4,164;165,,1;6,119,,221;222;223,,,,,,4,12,21;24,,,,,,,,31;38,,
90,Hut,12;93,,,,9;208;209;210,,,,,,6;17,1,164;165,,60,1;120,,221;222,,,,,,4,,21;24,,,,,,,,,2,
91,Igloo,12;93,,,,9;208;209;210,,,,,,6;17,4,164;165,,19;162,29;30,,222,,,,8,25,4,,21;24,,,,,,,,31,1,
92,Tent,12;47;106,,,,9;210,,,,,,16,,163;165,,95,42;45,,252;253;290,,,1;16;17,,9,4,,,,,,,,,,37;38,3,
93,Castle,92;193,,,,9;208,,,,,,3;29,3,174;203,,127,19,,222;224;240,,,,,,6,,,80,,,,,,,49;53,,
94,Palace,92;187,,,,9;208,,,,,,3;15,,203;310,,58,19;20,,222;240;307,,,,,,6,,,80,,,,,,,53,,
95,Tower,45;92,,,,9;208,,,,17,,3,,203;273,,58,3;19,,131;238,,,,,14;17,6,,,,,,,,,,,,
96,Skyscraper,99,,,,9;208;219,,,,17,,3,6,187;192,,58,3;15,,131;239,,,,,14,6,,,,,,,,,,19;43,,
97,Lighthouse,45;108,15,,,9;208;218,,,,,,17;21,,178,,14;27,19;22,,180;238,,,,,4;14,5,22,,,,,,,,2,24;61,,
98,Windmill,,,,,9;208,,,,,,,3,148;207,,61;127,1;19,29,141,6,,,25,14,5,,,62;84,,,,,,,15,,
99,Church,92;94;174,,,,9;208;212;213,,,,,,19;25,3,166;309,,59,19,,225;226;242,,,,3,,5,,16,80;103;114,,,,,,20,52;57,,
100,Cathedral,92;94;174,,,,9;208;212;213,,,,,,3;19;25,3,166;203;309,,58,19,,225;226;307,,,,3,,6,37,16,80;103;114,,,,,,20,52;57,,
101,Mosque,41;94;174,,,,9;208;212;213,,,,,,19;25,3,166;309,,58,19,,224,,,,9,25,6,,16,113;120,,,,,,,57,,
102,Temple,92;94;174,,,,9;208;212;213,,,,,,19;25,2,166;203;309,,127,19,,226;238;307,,,,2,44,6,37,16,114;120,,,,,,,52;57,,
103,School,95;217,,,,9;208;212;214,,,,,,,,167,,58;59,22,,227;242,,,,,,5,,16,104;112,,,,,,1,2;18;71,,
104,University,95;180;217,,,,9;208;212;214,,,,,,,3,167;182,,58,19;22,,227,,,,,,6,,16,,,,,,,,18;29;71,,
105,Library,38;217,,,,9;208;212;224,,,,,,5;32,,89;112;183,,58;59,,,154;229,,,,,,5,36,16,53,,,,,,,18,1,
106,Museum,90;92,,,,9;208;212;224,,,,,,12;23,,113;167;203,,58,19,,230;307,,,,,,5,,16,53;80,,,,,,,18;36,3,
107,Hospital,92;177,,,,9;208;212;223,,,,66,,14;22,,145;168;305,,58;59,21,,230;231,,,,,,6,28,16,56;57,,,,,,,16;17,,
108,Pharmacy,96;98,,,,9;208;211;223,,,,,,,,169;187;190,,57;59,,,154;228,,,,,,4,28,16,,,,,,,,17;56,,
109,Shop,96;98,,,,9;208;211,,,,,,,,169;187,,57;59,,,131;154;228,,,,,,4,,16,,,,,,,,56,,
110,Supermarket,96;98,,,,9;208;211,,,,,,,6,169;187,,58;59,,,130;154;228,,,,,,6,,16,57;99,,,,,,,55;56,,
111,Bakery,76;96;98,,,,9;208;211,,,,,,6,,169;187;316,,57;59,,,154;228,,,,,,4,14,16,,,,,,,4,8;56,,
112,Market,96;97;98,,,,9;211;221,,,,,,,2,169;186;187,,57;59,,,229,,,,,,5,3,16;20,96;112,,,,,,4;20,15;56,,
113,Bank,98;125,,,,9;208;212,,,,71,,17;30,,128;173;191,,58;59,19,,228;307,,,,,,5,,16,53,,,,,,,55;56,,
114,Office,34;99;146,,,,9;208;219,,,,,,32;33,6,192,,58,,,229;230,,,,,,4,,,60;108,,,,,,1,19;43,,
115,Factory,99;119,,,,9;208;219,,,,40;55,,,5,171,,58,3;21,,223;240,,,,,,6,24,,48;52,,,,,,,54;60,,
116,Warehouse,99;119;120;125,,,,9;208;219,,,,,,,5,91;157,,58,3;21,,130;154;250,,,,,,6,,,57;80,,,,,,,22;60,,
117,Theater,36;98;172,,,,9;208;215,,,,,,7,2,170;177;312,,58,,,129,,,,,,6,,16;20,95;98,,,,,,5,58,4,
118,Cinema,36;98,17,,,9;208;215,,,,,,7;8,6,170;265,,58,,,129;176,,,,,,5,33,16;20,52;95,,,,,,5,58,3,
119,Stadium,36;98,,,,9;208;216,,,,,,7,,140;170,,58,3;21,,129;240,,,,,3,6,,16;20,96;97,,,,,,20,21;45;58,,
120,Gym,103;118;173,,,,9;208;216,,,,38;64,,27,6,140;184,,58;59,,,230,,,,,,5,31,16,48;95,,,,,,,21;65,,
121,Restaurant,98;216,,,,9;208;222,,,,,,6;9,,111;186;188,,58;59,,,129;229,,,,,,4,21,16,64;68,,,,,,5,7;9;56,4,
122,Cafe,38;74;98,,,,9;208;222,,,,,,5;6,,186;188;189,,58;59,,,228;229,,,,,,4,15,16,68,,,,,,4;19,9;56,3,
123,Bar,74;98,17,,,9;208;222,,,,27,,8,,186;189,,58;59,,,228;229,,,,,,4,29,16,68;95;104,,,,,,2;5,10;56,3,
124,Hotel,12;98,,,,9;208;212,,,,,,6,,172;203,,58,,,230;231;239,,,,,,6,,16,,,,,,,,36;47,4,
125,Barn,86;125,,,,9;208;220,,,,,,,4,91;181,,52;61,1,,130;221;222,,,,,,5,32;41,,11;84,,,,,,,15,,
126,Stable,3;86,,,,9;208;220,,,,,,,4,181,,52;61,1,,130;221;222,,,,,,5,32;41,,9;32,,,,,,,15;48,,
127,Farm,85;86;181,,,,9;219;231,,,,,,5,2,148;194;196,,61,,,240;241,,,,,,6,32,,11;20,,,,,,4,15,,
128,Garage,125;197,,,,9;208,,,,,,,,91;193,,34;57,21,,130;221;222,,,,,,4,25;26,,48,,,,,,,12;22,,
129,Station,9;100,,,,9;208;217;218,,,,,,7;33,5,151;180,,58;59;62,,,232;233,,,,,,6,,16;20,33;99,,,,,,,34;35,,
130,Airport,9;100,,,,9;208;217;218,,,,,,7;33,6,151;159;180,,58,,,224;240,,,,,,6,25,16;20,8;99,,,,,,,23;34;47,,
131,Harbor,119;120;123,,,,9;217;218,,,,,,,2,156;157;180,,14,,,,,,,,,6,22,16,90;117,,,,,,,24;30,,
132,Road,4;87;104,,,,9;218,,,,16,,,2,151;180,,59;61,66,,,,,,,11,6,40,16,100,,,,,,,22;32,,
133,Street,4;87;104,,,,9;218,,,,16,,,,169;180,,58;59,66,,,,,,,11,5,40,16,100;105,,,,,,,22;64,,
134,Highway,4,,,,9;218,,,,16,,,6,151;180,,61,66,,250,,,,,11;16;19,7,40,16,100,,,,,,,22,,
135,Bridge,4;87;104,,,,9;218,,,,17;34,,,2,179;180,,9;28,3;19,,182;307,,,,,11;41,6,,,,,,,,,,22;64,,
136,Tunnel,4;44,17,,,9;218,,,,16;34,,,5,179;180,,6;21,21;27,,,,,,,11;26,6,,,80;100,,,,,,,22;42,,
137,Park,101;204;205,,,,9;221,,,,,,4;5,,153;185;186,,58;59,,,240;241,,,,,,6,13,16,17;104,,,,,,,1;2;66,1,
138,Playground,45;55;60;101,,,,9;221,,,,17;62,,4;8,,153;184;185,,48;58;59;80,1;3,,240;241,,,,,,5,,16,104;112,,,,,,,2;72,1,
139,Garden,44;82;83;84,,,,9;221,,,,,,4;5,,116;153;195,,34,,,240;241,,,,,,4,4,21,17;26,,,,,,6;7,14;46,,
140,Zoo,86;88;92,,,,9;215;221,,,,,,8;12;23,,167;170;197,,58,,,175;240;241,,,,,,6,32,16,8;25,,,,,,,2;36,,
141,Prison,15;191,,,,9;208;212,,,,68,,2;13;21,,128;175,,58;59,3;21,,175;222;240;241,,,,,,6,,16,48;112,,,,,,,73,,
142,Cemetery,44;92;94,,,,9;221,,,,,,13;18;25,2,176,,59;74,19,,240;241,,,,,,5,4,16,17;53,,,,,,,52,,
143,Shirt,2;50,,,11;15,8;150;152,,,,,,,,129,,47,39,,177;188;189;200,,,23,,,,,,,,,,,,,,,
144,Blouse,2;50,,,11;15,8;150;152,,,,,,,,129;135,,47,41,,177;188;189,,,23,,,,,,,,,,,38,,4,,
145,T-shirt,2,,,11,8;150;152;159,2,,,,,,,129,,,39,,188;281,,,23,,55,,,,,,,,,3,7,1,,
146,Sweater,2,,,11;15,8;150;152,4,,,,,,,117;129,,,40,,188;200;281,,,50,,,,,,,,,,,3;18,9,,,
147,Hoodie,2,,,1;11;15,8;150;152;159,4,,,,,,,117;129,,,39;77,,53;188;191,,,50,,,,,,,,,,,3,,63,,
148,Jacket,2;49,,,11;15,8;150;151,11,,,,,,,117;129,,,44,,188;189;190;191,,,44,,,,,,,,,,,,8,,,
149,Coat,2;50,,,11;15,8;150;151,4,,,,,,,117;133,,,40,,177;188;189;191,,,50,,11,,,,,,,,,,9,,,
150,Raincoat,2;49,,,11;15,8;150;151,9,,,,,,,131,,,42,,53;188;190;191,,,1,,11,,,,,,,,,1,,,,
151,Suit,2;50,,,22,8;150;158,,,,,,,,129;137,,47;110,40,,177;191;198,,,,,,,,,,,,,,1,,5;43,4,
152,Dress,2;49,,,11;19,8;150,,,,,,,,129;135,,109;110,39;41,,188;190,,,,,11,,,,,,,,,,,4,,
153,Skirt,2;49,,,14;19,8;150;153,,,,,,,,129;135,,,39,,190;199;280,,,,,,,,,,,,,,,7,4,,
154,Trousers,2;49;50,,,14;19,8;150;153,,,,,,,,129,,47,39,,190;191;198;199,,,,,11,,,,,,,,,,,,,
155,Jeans,2;49;50,,,14;19,8;150;153;159,,3,,,,,,129,,,43,,190;191;198;199,,,8,,11,,,,,,,,,45,,1,,
156,Shorts,2,,,14;19,8;150;153;159,8,,,,,,,129,,15,39,,191;198;199,,,,,15,,,,,,,,,,7,,,
157,Pajamas,2,,,22,8;150;160,,,,,,6,,118,,38,39,,177;188;198;199,,,23,,,,,,,,,,,3,2;16,,,
158,Robe,2;48,,,22,8;150;160,,,,,,6,,117;118,,38;39,39,,188;191,,,2,,11,,,,,,,,,3;6,4;5,,,
159,Sock,2;52,,,20;21,8;150,,,,,,,,117;118,,,39;40,,194;200,,,23;35,,26,,,,,,,,,3;31,,1,,
160,Stocking,2;52,,,19;20,8;150,,,,,,,,129;135,,,41;42,,194,,,35;45,,11;26,,,,,,,,,31;38,,4,,
161,Shoe,2;51,,,20,8;154,,,,,,,,134;293,,,14;44,,192;193;194;277,,,35,,,,,,,,,,,,,1,,
162,Boot,2;51,,,20;21,8;154,9;10,,,,,,,134;198,,143,14;44,,192;193;194,,,1;35,,14,,,,,,,,,45,9,38;60,,
163,Sneaker,2;51,,,20,8;154;159;161,,,,,,,,140;294,,78,14;38,,192;193;277,,,35;51,,,,,,,,,,,30,,21;66,,
164,Sandal,2;132,,,20,8;154;159,8,,,,,,2,293,,15,14;44,,193;196;197,,,35;42,,10,,,,,,,,,,7,,,
165,Slipper,2;52,,,20,8;154,,,,,,6,,117;118,,34;38,38;40,,193;278,,,35;50,,,,,,,,,,,3,5,,,
166,Hat,2,,,1,8;155;156,8,,,,,,,132;135,,,40,,282,,,,,1,2,,,,,,,,,7,,,
167,Cap,2;133,,,1,8;155;159;161,8,,,,,,,132;140,,76,39,,195;196;282,,,18,,1;25,,,,,,,,,,7,21,,
168,Beanie,2,,,1;4,8;155,4;10,,,,,,,117;133,,,40,,,,,49;50,,1,,,,,,,,,3;18,9,,,
169,Helmet,2;132,,,1,8;155;162,,,,,,,,,,55;65,13;46,,195;279,,,18,,1;25,,,,,,,,,4;39,,13;32,,
170,Scarf,2;128,,,9,8;156,4;11,,,,,,,117;135,,,40;41,,286,,,50,,7;11,,,,,,,,,3;18,9,,,
171,Glove,2;52,,,17;18,8;156,4,,,,,,,117,,,40;44,,200;283;284,,,35;50,,,,,,,,,,,3,9,,,
172,Mitten,2;52,,,17,8;156,10,,,,,,,117;133,,,40,,200;284,,,35;50,,1,,,,,,,,,3;18,9,2,,
173,Belt,2;117;132,,,14,8;156,,,,,,,,135,,,2;44,,196;197;305,,,18,,11;17,,,,,,,,,30;45,,,,
174,Tie,2;48;133,,,9,8;156;158,,,,,,,,135;137,,47;110,41,,274,,,,,11;17,,,,,,,,,1;38,,5;43,,
175,Apron,2;48,,,11;14,8;150;162,,,,,,,,130,,35;91,39,,191;196,,,23,,,,,,,,,,,,,7;8,,
176,Swimsuit,2;102,,,11,8;150;161,8,,,,,,,139,,15;81,42,,278;289,,,49,,,,,,,,,,,1;31,7,33,,
177,Ring,2;52,9;16,,18,8;156;157,,,,,,9,2,26;136,,110;157,10;121,,203;204,,,8,,1;23,1,,,,,,,,1,,,6,
178,Necklace,2;132,9,,9,8;156;157,,,,,,15,,26;136,,109;157,10;11,,135;202;287,,,,,11;53,2,,,,,,,,1,,4,4,
179,Bracelet,2;132,9,,16,8;156;157,,,,,,,,26;136,,109;157,10;11,,135;202,,,,,53,2,,,49,,,,,1,,4,3,
180,Earring,2;52,9;16,,4,8;156;157,,,,29,,,,135;136,,109;157,10,,202,,,35,,,1,,,,,,,,1,,4,,
181,Crown,2,9;16,,1,8;155;157,,,,,,3;30,3,136;310,,106;165,10;121,,203;204,,,,,1;20,,,,,,,,,4,,53,6,
182,Watch,2;155,,,16,8;156;201,,,,,,,,122;136,,,5;44,,243;308,3,,29,,1,1,,,59,,,,,,21;22,,4,
183,Glasses,2;159,12,,3;5,8;156;198,,,,,,,3,89;138,,,13;128,,152;201;288,,,9;17;29,,,2,,14,,,,,,1;4,,6,,
184,Sunglasses,2;159,17,,3;5,8;156,8,,,,,,,132;135,,15,13;128,,152;201;288,,,17;29,,,2,,,,,,,,1;4,7,22;36,,
185,Umbrella,13;47;59,,,17,8;156,9,,,,,,2,131,,46;57,2;42,,110;116,,,1;16;17,,25,3,,,76,,,,,,8,35;64,,
186,Wallet,13;17;98,,,,8;156,,,,,,,,91,,104;140,44,,191;265,,,17;76,,7;10,2,,14,,,,,,19,,56,,
187,Handbag,13;17,,,10;17,8;156;163,,,,,,,,70;135,,84,38;44,,191;196;202,,,16,,34,2,,14,,,,,,19,,4,4,
188,Button,50;131,,,18,8;128,,,,22,,,,73;116,,158,2;13,,305,,,,,10;24,1,,,,,,,,1;4,,26,,
189,Zipper,49;65,,,,8;128,,,,18,,,6,73,,158,2;42,,118;171,,,,,11;12,2,,,121,,,,,,,26,,
190,Water,1;67,12,,,6,,24,,,,,,47;52,,136,,,,,62,65,,,,1,,65;75,,2,18;30,3,42,18,,2,
191,Milk,1;67,14,,,6;103,,12,,29,,,,51,,135,,,,,17;64,,,,,39,,,,2,9;24,4,1,12;16,,2,
192,Juice,1;67,14,,,6;117,,8,,41,,,,54,,135,95,,,,17;25,55,,,,3,,,,2,1;19,4,42,12,,,
193,Lemonade,1;67,13,,,6;117;119,,7,,41,,,,54,,150,31,,,,25;39,,,,,,,,,2,1;2,4,42,7,,2,
194,Soda,1,16,,,6;117;119,,15,,41;42,,,,54,,109,31;81,,,,38;39,54,4,,,2,,73;74,,2,1,4,43,,,2,
195,Smoothie,1,14,,,6;117,,10,,,,,,51,,88,84;95,,,,17;61,55,,,,3,,,,2,1;19,4,41,12,,,
196,Milkshake,1;74,14;25,,,6;101;117,,12,,42,,,,,,149,84;85,,,,17;61,54,4,,,17,,111,,2,1;24,4,33;41,,,,
197,Tea,1;74,12,,,6;116,,22,,30,,,,55,,88,31;102,,,,31,53,16,,,,,,,2,3;9,1,42,19,,,
198,Coffee,1;74,14,,,6;116,,16,,30,,,,55,,88,31;103,,,,6;31,53,,,,15,,,,2,3;11,1,42,4,,,
199,Espresso,1;74,14;25,,,6;116,,16,,30,,,,55,,88,31;103,,,,6;31,53,12,,,15,,7,,2,3;11,1,42,4,,,
200,Cocoa,1;74,14,,,6;116,,15,,30,,,,117;118,,34,84;94,,,,39,,,,,16,,,,2,1;25,1,33,9;16,,,
201,Beer,1;67,25,,,6;117;118,,21,,27,,,,186,,89,100;101,,,,15;31,,18,,,,,68,,2,3,4,43,5,,3,
202,Cider,1;67,16,,,6;117;118,,22,,27,,,,186,,89,80;99,,,,15;26,,20,,,3,,74,,2,1;7,4,43,8,,3,
203,Wine,1;74,13,,,6;118,,2,,27;56,,,,47;186,,44;87,98,,,,15;36,,13,,,3,,68,,2,19;23,,1,14,,,
204,Champagne,1;74,16,,,6;118,,7,,27,,,,53,,109;110,98,,,,15;36,,13,,,3,,73;74,,2,19;23,4,43,15,,5,
205,Whiskey,1;74,12,,,6;118;120,,22,,27;28,,,,56,,89,31;100,,,,32;36,3,19,,,7;29,,68,,2,11;15,,1,5,,4,
206,Vodka,1,12,,,6;118;120,,24,,27;28,,,,98;186,,89,31;92,,,,32;62,3,,,,29,,,,2,30,4,42,,,3,
207,Rum,1;74,12,,,6;118;120,,22,,27;28,,,,46;98,,89,31,,,,32;36,3,22,,,2;29,,,,2,1,,1,,,3,
208,Phone,146;147;227,,,,8;194;195;196,,,,28;61,,,7,259;260;261;262,,104;140,15;65,,176;179;181,3,,16;20;21;76;107,,,2,,,,,,,,,,1,4,
209,Tablet,35;38;227,,,,8;194;195,,,,61,,,7,89;261;265,,37;140,15;65,,176;181,3,,16;20;21;107,,,2,,,,,,,,,,1,4,
210,Laptop,34;148;228,,,,8;194;195,,,,61,,,7,257;261;324,,102;140,6;65,,176;178;181,3,,16;17;20;21,,,2,,,,,,,,,,18;19,4,
211,Computer,34;148;228,,,,8;194;195,,,,61,,,7,257;261;325,,47;102,13;65,,176;178;182,2,,39;70;72,,,3,,,,,,,,,,19;74,4,
212,Keyboard,34;142,,,,8;194,,,,38,,,7,324,,47;102,13;65,,164;182,,,72,,,2,,,,,,,,,,19;74,3,
213,Telephone,146;153,,,,8;194;196,,,,,,,5,258;259,,46;47,13;65,,177;179;182,2,,72,,,2,,,,,,,,,,1;6,2,
214,Television,32;36;229,,,,8;194,,,,61,,,6,170;265,,37;98,13;65,,176;179;182,2,,71;72;75,,,3,,,,,,,,,,1,4,
215,Radio,32;37;141,,,,8;194;196;197,,,,,,,6,170;263;264,,35,13;65,,179;184;186,2;3,,16,,,2,,,,,,,,,,1;6,3,
216,Speaker,31;37,,,,8;194;197,,,,,,,6,266;326,,37;73,13;65;135,,159;182;264,2,,57;72,,,2,,,,,,,,,,20,3,
217,Headphones,2;37,,,,8;194;197,,,,58,,,6,264;266,,140,13;65,,179;182;279,3,,16;21;29;35,,,2,,,,,,,,,,35;63,3,
218,Microphone,59;164,,,,8;194;197,,,,,,,6,326,,73;97,3;65;124,,182;187;264,2,,28;57,,,2,,,,,,,,,,51,3,
219,Camera,91;151,,,,8;194;198,,,,,,,6,262,,97;140,13;65;128,,177;180;181,3,,16;20;28,,,2,,,,,,,,,,36;39,4,
220,Printer,149;150,,,,8;194;200,,,,,,,7,225,,47;70,13;65,,177;182;261,2,,70;72,,,3,,,,,,,,,,18;19,3,
221,Remote,142;152;229,,,,8;194,,,,,,,6,269,,37,13;65,,177;181,3,,21;28,,,2,,,,,,,,,,1,2,
222,Console,101;142,,,,8;194;195,,,,28;61,,8,7,170;325,,37;38,13;65,,177;182,2,,70;72,,,2,,25,,,,,,,,63,4,
223,Calculator,142;158,,,,8;194,,,,,,,6,270,,49;102,13;65,,177;185;309,3;7,,28;76;108,,,2,,,,,,,,,,18;55,2,
224,Battery,33,,,,8,,,,21;73;74,,,5,267,,133,3;127,,,,,10;16;22,,,1,,,,,,,,,,,2,
225,Charger,31;33,,,,8;194,,,,15;73,,,7,267;327,,129;140,7;13,,182;183,2,,16;72,,,2,,,,,,,,,,,2,
226,Cable,31,,,,8,,,,15;26,,,5,267;268;327,,99;133,7;13,,183,,,6,,,2,,,,,,,,30,,,2,
227,Plug,31;65,,,,8,,,,15,,,5,267;268,,98,8;13,,182,,,6,,,2,,,,,,,,,,,2,
228,Socket,31;32,,,,8;147,,,,15;74,,,5,267;268,,98,8;13,,187;265,,,27;75,,,2,,,,,,,,,,,2,
229,Switch,32;142;215,,,,8;147,,,,15,,,5,269,,98;131,8;13,,266,,,27;75,,,1,,,,,,,,,,1;28,2,
230,Bulb,32;62;215,15;18,,,8;146;202,,,,14;24,,,5,123,,100,2;15,,270,2,,9;22,,,2,,,,,,,,,,,2,
231,Flashlight,32;59;152;215,15;18,,,8;121;202,,,,,,,6,123;163,,95;133,6;13,,94;181;187,3,,16;28,,,2,,,,,,,,,,37;73,2,
232,Heater,31;32;210,,,,8;140;203,,,,14;19,,,6,101;117,,37;38,3;13,,182;187;212,2,,16;72,,,3,,,,,,,1,,9,,3,
233,Vacuum,31;64;219,,,,8;129;140;200,,,,,,,6,78,,99;132,3;13,,127;182,2,,72;78,,,3,,,,,,,,,,27;62,3,
234,Washer,41;119;120,,,,8;140;200,,,,,,,6,82;276,,39;159,3;13,,127;213;262,2,,38;72,,,3,,,,,,,,,,62,4,4
235,Dryer,119;120;230,,,,8;140;200,,,,19,,,6,83;276,,159,3;13,,212;213;262,2,,38;72,,,3,,,,,,,1,,,62,4,4
236,Telescope,151;159;207,,,,8;198;199,,,,,,,,182;272;273,,,2;128,,148;180,,,9,,,3,,,,,,,,,2,29,4,
237,Microscope,151;159;177,,,,8;198;199,,,,,,,,182;272;273,,49;69,2;128,,159;180,,,9,,,2,,,,,,,,,,18;29,4,
238,Binoculars,59;151;159,,,,8;198,,,,,,,,272;273,,108;143,2;128,,180;196,,,9;16;28;35,,,2,,,,,,,,,,31;38,4,
239,Compass,59;108;156,,,,8;121;127,,,,,,,2,178;274,,108;143,8;15;135,,186;268,,,5;16;76,16,,2,,,,,,,,,,38;61,2,
240,Magnet,59;65,,,,8;121,,,,,,,,84,,49;135,3;4,,,,,5;8,,,2,,,,,,,,,,2;29,2,
241,Thermometer,30;113;156,,,,8;121;127;199,,,,24,,,5,168;271;328,,50;98,15,,269,,,9;28;86,,,2,,,,,,,,,,16;72,2,
242,Robot,111;188;194,,,,8;194;200,,,,,,,7,155;171,,68;69,3;65,,127;254,2;3,,38;39,,,4,,,,,,,,,,54;74,4,
243,Satellite,122,,,,8;170;194;196,,,,,,,6,178;258;328,,30;141,6;65,37,184;309,7,,38;71,,,4,,,,5,,,,,,29;54,4,
244,Elevator,3;142,,,,8;147;200,,,,,,,5,69;279;329,,47;90,3,,130;177;182,2,,27;38;41,,,4,,,,,,,,,,1;6,,
245,Bread,,,,,5;98;99;106,,15,21,,,,,,,91,31;78;80,,,,2;20,,,,2,14,,,,,9,,3,,,,
246,Toast,79,,,,5;98;99;115,,15,,,,,,,,,110,,,,10;20,,,10,2,,,70,,,29,2,25,12,,,
247,Baguette,,,,,5;98;99,,15,21,,,,,,,91,31;78;80,,,,2,,13,11,2,14,,,,,9,,25,,,,
248,Bun,,,,,5;98;99,,15,,,,,,,,91,31;78;80,,,,2,,,1,2,14,,,,,9,,3,,,,
249,Bagel,,,,,5;98;99;115,,15,,,,,,,,91,31;78;80,,,,2;5,,4,23,2,14,,,,,9,,35,12,,,
250,Pretzel,,,,,5;98;102,,15,,,,,,36,,91,31;78;80;82,,,,2,,18,53,2,14,,,,,4,,35,,,,
251,Croissant,,,,,5;98;100;115,,21,,,,,,,,91,78;80;83,,,,2,,13,29,2,33,,,,,13,,28,12,,,
252,Cake,,,,,5;98;101,,,22,,,,,53,,,78;81;83;86,,,,2;73,,,1,3,2,,,,,1,,24,15,,,
253,Cupcake,,,,,5;98;101,,,22;39,,,,,53,,,78;81;83;86,,,,2;73,,,1,2,2,,,,,1,,24,15,,,
254,Muffin,,,,,5;98;115,,15,39,,,,,,,,78;81;83;86,,,,2,,,1,2,2,,,,,1,,3,12,,,
255,Cookie,,,,,5;98;102,,15,,,,,,36,,,78;81;83,,,,2,,,1;10,1,2,,,,,1,,26,,,,
256,Cracker,,,,,5;98;102,,19,,,,,,36,,,31;78;82,,,,2,,,8;10,1,,,,,,4,,25,,,,
257,Pie,,,,,5;98;101,,21,21,,,,,,,,78;81;83;95,,,,2;70,,,1,3,14,,,,,1,2,28,,,,
258,Pancake,,,,,5;115,,21,,,,,,,,,78;84;86,,,,3,,,1;10,2,,,,,,9,2,6,12,,,
259,Waffle,,,,,5;115,,21,,,,,,,,,78;84;86,,,,2,,,8,2,,,,,,9,2,25,12,,,
260,Donut,,,,,5;100;102,,15,,42,,,,36,,,78;81;97,,,,4,,4,23,2,34,,,,,1,,3,,,,
261,Egg,,,,,5;115,,6;12,10,70,,,,46,,,130,,,,3;5,9,,3,1,30,,,,,9;11,,1,12,,,
262,Omelet,,,,,5;111;115,,6,,,,,,,,,83;86;87,,,,3;74,,13,10,2,,,,,,5;13,1,6,12,,,
263,Cheese,,,,,5;103,,6,16,,,,,57;58,,135,82;84,,,,26;36;65,33,,33,2,8;20,,,,,4;20,,5,,,,
264,Butter,79,,,,5;103;114,,7,39,,,,,46;48;60,,135,82;85,,,,33,33,,7,2,33,,,,8,11;13,4,23;33,12,,,
265,Yogurt,,,,,5;103;115,,12,,,,,,,,135,84,,,,15;17,,,,2,39,,,,8,2;8,4,1;33,12,,,
266,Cream,67,,,,5;103,,12,,,,,,46;58,,135,84,,,,17,,,,,39,,,,2,11;24,4,1;41,,,,
267,Gelato,73,,,,5;101;103,,,,,,,,54,,88,81;84;85,,,,16;33,33,12,1,2,,,,,8,1;24,5,1;33,7,,,
268,Chocolate,,,,,5;102;109,,16,39,41,,,,26,,,81;84;94,,,,6;23;48,33,,7;10,2,16,,,,,1;11;25,,1;27,15,,,
269,Candy,,,,,5;102;109,,23,39,41,,,,,,,81;113,,,,5;48,,,,1,2,,,,,1;19,,4;7,15,,,
270,Lollipop,73,,,,5;109,,23,39,41,,,,,,111,81;113,,,,5;48,,,1,1,2,,,,,1;19,,4;7,,,,
271,Honey,67,,,,5;113;114,,22,,,,,,23;44;60,,119,131,,,,59;62,32,,,,2;4,,,,2,1;28,,7;41,12,,,
272,Jam,79,,,,5;114,,1,,,,,,50;60,,132,81;95,,,,5;39,,,,,3,,,,,1;19,,7,12,,,
273,Sugar,,,,,5;113,,12,,41;42,,,,44;46;50,,35,,,,,53;59,34,22,,1,1,,,,5,1,,8;11,,,,
274,Salt,,,,,5;112;246,,12,,42,,,,42;50,,35;101,,,,,44;77,34,,,1,1,,,,5,4,,8;11,,,,
275,Peppercorn,,,,,5;79;112,,11,,43,,,,42,,101,,,,,13;23,,17,1,1,,,,,,16;22,,4;8,,,,
276,Flour,,,,,5;106,,12,,29,,,,40;45;46,,35;91,79,,,,60;79,,,,,,,,,4,10,,8;13;16,,,,
277,Pizza,,,,,5;110;111,,,21,,,,,,,87,87;93;109,,,,2;20,,12,1;10,3,20,,,,,5;20,1,35,14,,,
278,Pasta,,,,,5;106;108,,7,,,,,,,,,78;86,,,,5;13,,12,,,,,,,,9;17,1,5,14,,,
279,Spaghetti,,,,,5;108,,7,,,,,,,,,31;78,,,,5;13,,12,11;12,,,,,,,9;17,1,5,14,,,
280,Noodle,,,,,5;106;108,,7,,,,,,,,,31;78,,,,5;68,,16,11;12,,,,,,,9;17,1,3,,,,
281,Soup,74,,,,5;111,,,,30,,,,117,,,96;111,,,,66,,,,,,,111,,2,5,1,42,9;14,,,
282,Stew,,,,,5;111,,15,,,,,,117,,,88;96;111,,,,9;66,,,,,21,,,,2,5;11,1,36,9;14,,,
283,Curry,,,,,5;111,,8,,,,,,,,87,88;96;106,,,,9;66,,17,,,18,,,,2,6;11,1,36,14,,,
284,Salad,,,,,5;111,,4,,,,,,,,,96;97;112,,,,,,,,,5,,,,,8;18,4,25,7;13,,,
285,Sandwich,,,,,5;102;111,,,,,,,,,,150,87;110,,,,20;69,,20,56,2,,,,,,5,4,3,13,,,
286,Burger,,,,,5;110;111,,15,,42,,,,,,149,87;89;110,,,,7;69,,4,1;56,2,21,,,,,5;21,1,34,13,,,
287,Hotdog,,,,,5;110;111,,,,42,,,,,,75,110,,,,7,,4,11,2,21,,,,,4;5,1,34,13,,,
288,Taco,,,,,5;110;111,,6,10,,,,,,,,104;112,,,,3;70;74,,14,18,2,21,,,,,5;6,2,26,13,,,
289,Fries,,,,,5;102;110,,21,,42,,,,39;59,,,82;92;97,,,,4;28,,,52,1,34,,,,,4;17,1,25,,,,
290,Chips,,,,,5;102,,21,39,42,,,,36,,109,82;92;97,,,,4;20;28,,,12;24,1,,,70,,,4,,26,,,,
291,Popcorn,,,,,5;102,,12,,,,,,36,,,82;83;104,,,,28;40,,4,36,1,33,,73,,,4;13,2,26,,,,
292,Porridge,,,,,5;111;115,,19,,,,,,117,,,84;105,,,,5,,19,,,,,,,8,10,1,33,12,,,
293,Cereal,,,,,5;115,,21,,,,,,,,,81;84;104,,,,10,,4,,1,,,70,,,1;29,4,26,12,,,
294,Ketchup,63,,,,5;107,,1,,,,,,58;59,,101,81;93;107,,,,61;63,,4,,,35,,,,6,1;8,,1;41,,,,
295,Mustard,79,,,,5;107,,6,,,,,,42;58,,101,107,,,,23;63,,13,,,8,,,,6,8;22,,1;41,,,,
296,Mayonnaise,79,,,,5;107,,20,,42,,,,59;60,,135,97;107;130,,,,17;61,,13,,,,,,,6,8;11,4,1;33,,,,
297,Vinegar,67,,,,5;107,,24,,,,,,42;50;78,,132,31;98,,,,15;63,32,,,,8;35,,,,2,2;31,,42,,,,
298,Oil,67,,,,5;107,,21,,19,,,,47;48,,35,129,,,,26;53,3,10,,,,,,,2,9,,17;22,,,,
299,Steak,66;72,,,,5;104;111,,1;15,,,,,,,,87;151,89,,,,3;7,,,10;13,2,21,,66,,,5;21,1,34;36,14,,4,
300,Sausage,,,,,5;104,,15,,42,,,,,,151,63;90;106,,,,3;30,,18,4;11,2,7;21,,66,,,4;21,1,23;34,12,,,
301,Bacon,,,,,5;104;105;115,,17,,42,,,,57,,,82;90,,,,3;11;12,,,11;12,2,7;34,,66,,,4;15,1,23;25,12,,,
302,Ham,,,,,5;104;105,,10,,42,,,,57;58,,135,82;90,,,,11;12;20,,,10;12,2,7;21,,,,,4;21,4,10;36,13;15,,,
303,Sushi,80,,,,5;111,,10;12,,70,,,,,,87,91,,,,1;20;41,,15,40;57,1,22,,,,,5;8,4,7;36,14,,4,
304,Dumpling,80,,,,5;111,,12,,,,,,,,87,90;109,,,,8;70;74,,16,29,1,21,,,,,5;21,1,3;34,13;15,,,
305,Tofu,,,,,5,,12,,29,,,,,,,31;108,,,,26;65;68,,16,6,2,1,,,,8,9;10,,1;3,,,,
306,Apple,,,,,5;7;80;86,3,1,17,,,,,32,22,,,,98;100,,1;2,,,1,2,,,,,,1,,25,8,,,
307,Pear,,,,,5;7;80;86,3,4,17,,,,,,22,,,,98;100,,1;2,,,30,2,,,,,,1,,34,8,,,
308,Peach,,,,,5;7;80;83,2,8,20,,,,,,22,,,,99,,1;29,,,1,2,,,,,,1,,34,7,,,
309,Nectarine,,,,,5;7;80;83,2,8,17,,,,,,22,,,,99,,1,,,1,2,,,,,,1,,34,7,,,
310,Apricot,,,,,5;7;80;83,2,8,17,,,,,33,22,,,,99,,1;13,,,1,2,,,,,,1;7,,3,7,,,
311,Plum,,,,,5;7;80;83,3,9,17,,,,,33,22,,,,99,,1;13,,,3,2,,,,,,1;7,,34,7,,,
312,Cherry,,,,,5;7;80;83,3,1,17,,,,,32,22,,,,99;101,,1,,,1,1,,,,,,1,,34,7,,,
313,Lemon,,,,,5;7;80;81,2,6,15,,,,,34;35,22,,,,98;102,,25,,,3,2,,,,,,2,,34,9,,,
314,Lime,,,,,5;7;80;81,1,4,15,,,,,34;35,22,,,,98;102,,25,,,3,2,,,,,,2,,34,,,,
315,Orange,,,,,5;7;80;81,2,8,15,,,,,31,22,,,,98;102,,18;19,,,1,2,,,,,,1,,34,9,,,
316,Mandarin,,,,,5;7;80;81,2,8,15,,,,,36,22,,,,102,,19,,,1,2,,,,,,1,,34,9,,,
317,Grapefruit,,,,,5;7;80;81,2,6,15,,,,,31,22,,,,98;102,,18,,,1,2,,,,,,2;3,,34,9;12,,,
318,Banana,,,,,5;7;80;84,1,6,15,,,,,36,28,,,,,,1;19,,,11;18,2,,,,,,1,,3,,,,
319,Pineapple,,,,,5;7;80;84,1,6,16,,,,,,26,,,,100,,20;29,,,3,3,,,,,,1;7,,34,,,,
320,Mango,,,,,5;7;80;83;84,1,8,15,,,,,31,22,,,,99,,19;20,,,3,2,,,,,,1,,34,7,,,
321,Papaya,,,,,5;7;80;84,1,8,15,,,,,,22,,,,90,,19;20,,,30,3,,,,,,1,,3,,,,
322,Coconut,,,,,5;7;80;84,1,15,10;18,,,,,28,30,,,,,,13;24,,,1,2,,,,,,9;12,,4,,,,
323,Kiwi,,,,,5;7;80,2,4;15,20,,,,,,24,,,,90,,19;20,,,3,2,,,,,,1;7,,34,,,,
324,Grape,,,,,5;7;80;82,2,9,17,,,,,41,24;28,,,,98,,1,,,1,1,,,,,,1,,34,8,,,
325,Raisin,,,,,5;7;80;87,,15,17,,,,,36;46,,,,,,,13,,,3,1,,,,,,1,,35;47,,,,
326,Strawberry,,,,,5;7;80;82,3,1,,,,,,33,26,,,,90;101,,1;42,,,28,1,,,,,,1,,34,7,,,
327,Raspberry,,,,,5;7;80;82,3,1,,,,,,33,23,,,,90,,1;42,,,1,1,,,,,,1;7,,3,7,,,
328,Blackberry,,,,,5;7;80;82,3,11,,,,,,33,23;31,,,,90,,1;42,,,1,1,,,,,,1;7,,34,8,,,
329,Blueberry,,,,,5;7;80;82,3,3,17,,,,,46,23,,,,,,1;2,,,1,1,,,,,,1,,34,7,,,
330,Cranberry,,,,,5;7;80;82,3,1,17,,,,,37,26,,,,,,13;18,,,1,1,,,,,,2;7,,5,8;15,,,
331,Watermelon,,1,,,5;7;80;85,2,1;4,16,,,,,,24,,,,90,,17;20,,,3,3,,,,,,1;18,,34,7,,,
332,Melon,,,,,5;7;80;85,2,8;19,16,,,,,,24,,,,90,,17;20,,,1,3,,,,,,1,,34,7,,,
333,Fig,,,,,5;7;80,2,9,17,,,,,,22,,,,90,,1;13,,,42,2,,,,,,1;11,,3,8,,,
334,Date,,,,,5;7;80;87,6,15,17,,,,,36,28;30,,,,99,,13,,,3,1,,,,,,1;11,,7;35,,,,
335,Pomegranate,,,,,5;7;80,2,1,16,,,,,31,22,,,,90,,18,,,1,2,,,,,,1;7,,34,8,,,
336,Avocado,,,,,5;7;80,1,4,15,,,,,30;60,22,,,,99,,20;22,,,30,2,,,,,,9;13,,33,,,,
337,Olive,,,,,5;7;80,2,4;11,17,,,,,28;34,22,,,,99,,14;26,,,3,1,,,,,,3;4,,5,8,,,
338,Walnut,,,,,5;7;88,3,15,10,29,,,,46,22,,,,103,,2;27,,,1,1,,,,,,3;12,,26,8,,,
339,Hazelnut,,,,,5;7;88,3,15,10,29,,,,46,23,,,,103,,6;27,,,1,1,,,,,,1;12,,26,8,,,
340,Almond,,,,,5;7;88,2,18,10,29,,,,46,22,,,,103,,6;27,,,42,1,,,,,,1;12,,26,8,,,
341,Peanut,,,,,5;7;88;93,2,18,10,29,,,,36;60,25,,,,103,,6;28,,,3,1,,,,,,12,,26,,,,
342,Cashew,,,,,5;7;88,1,20,10,29,,,,36,22,,,,103,,6;28,,,51,1,,,,,,12;13,,26,,,,
343,Pistachio,,,,,5;7;88,2,4,10,29,,,,35;36,22,,,,103,,6;28,,,3,1,,,,,,12,,26,,,,
344,Chestnut,,,,,5;7;88,3,15,10;18,,,,,36,22,,,,103,,6;19,,,1,1,,,,,,1;17,,3,8;9,,,
345,Chair,10,,,,8;142;143,,,,,,,,108,,35;36,1,,128;148;149,,,,,,3,,,84,,,,,4,,,,2
346,Stool,10,,,,8;142;143,,,,,,,,108,,35;89,1,,128;148,,,,,1,3,,,,,,,,4,,,,2
347,Bench,10,,,,8;142;143,,,,,,,,108;110,,42;80,1,,128;148;149,,,,,11,4,,15,,,,,,4,,,,4
348,Armchair,10,,,,8;142;143,,,,,,6,,108;110,,37,1;38,,128;149;150;151,,,77,,,3,,,,,,,,3;39,,,,3
349,Sofa,10;11,,,,8;142;143,,,,,,6,,108;110,,37,1;38,,128;149;150;151,,,77,,11,4,,15,,,,,,3;39,,,,4
350,Table,216,,,,8;142,,,,,,,,111,,35;36,1,,148;155,,,,,10,4,,15,,,,,,4,,,,3
351,Desk,99;217,,,,8;142,,,,,,,,112,,47;49,1,,148;153;155,,,,,10,4,,,,,,,,4,,18;19,,3
352,Bed,11;12,,,,8;142,,,,,,6,,109;110,,38;90,1,,148;152;156,,,,,7;10,4,,,84,,,,,3,2,,,4
353,Crib,12,,,,8;142,,,,,,,,109,,96,1,,148;152;156;175,,,,,7,3,,,,,,,,,2,3,,3
354,Hammock,11;60,,,,8;142,,,,17,,5,,56;110,,15;42,45;51,,217,,,16,,11;18,3,,,84,,,,,30,7,,,2
355,Mattress,11,,,,8;145,,,,,,6,,109,,38;90,38;46,,157;279,,,,,7;13,4,,,,,,,,3;44,,,,4
356,Pillow,11,,,,8;145,,,,29,,6,,109;118,,38,38;47,,257;279,,,23,,7,2,,,,,,,,3;6,2,,,2
357,Cushion,10,,,,8;148,,,,,,6,,108;116;118,,37,38;46,,257;279,,,23,,8,2,,,,,,,,3;39,,,,2
358,Blanket,47;128,,,,8;145,,,,,,6,,117;118,,38;150,40,,,,,23;50,,7;10,3,,,,,,,,3;18,9,,,2
359,Wardrobe,13,,,,8;142;144,,,,,,,,114,,38,1,,130;154;233,,,74,,6;14,4,,,84,,,,,4,,,,4
360,Cabinet,13;125,,,,8;142;144,,,,,,,,91;113,,37;47,1,,130;154,,,26,,6,4,,,,,,,,4,,,,3
361,Cupboard,13;125,,,,8;142;144,,,,,,,,,,35,1,,130;154,,,73;75,,6,4,,,,,,,,4,,,,3
362,Dresser,65,,,,8;142;144,,,,18,,,,114,,38,1,,153;155;159,,,74,,6,4,,,82,,,,,4,,,,3
363,Shelf,134;218,,,,8;142;144,,,,,,,,91;113,,37;98,1,,,,,75,,10;11,3,,,,,,,,4,,,,2
364,Bookcase,125;218,,,,8;142;144,,,,,,,,113;115,,37;70,1,,152;154,,,74,,6;14,4,,,,,,,,4,,,,4
365,Lamp,32;215,15,,,8;146;202,,,,,,,,89;123,,102;129,2;38,,94;187,2,,72,,,2,,,58,,,,,,5,,,2
366,Chandelier,32,15;16,,,8;146;148;202,,,,24,,15,,116;123,,100;106,8,,94;135;287,2,,9,,35,4,,,,,,,,,,,5,4
367,Lantern,17;46;135,15;24,,,8;146;202,,,,19,,,4,123;163,,66;95,2;15,,116;161;244,,,16;44,,4,2,,,7,,,,,,2,,,2
368,Curtain,46,,,,8;148,,,,,,,,19;119,,37;38,38,,233;280,,,23,,11,3,,,86,,,,,3,2,,,2
369,Carpet,219;220,,,,8;149,,,,56,,,,118;126,,37;99,40;42,,276,,,27,,10,4,,,,,,,,3,,,,4
370,Rug,30;219;220,21,,,8;148;149,,,,26;56,,,,116;118;126,,37;99,40,,276;286,,,16,9,7;10,3,,,,,,,,3,,,,2
371,Door,13;14,,,,8;147,,,,18,,,,120;128,,46;131,1,,158;159;160,,,26;69,,7;10;14,4,,,84,,,,,4,,,,4
372,Gate,13;14,,,,8;147,,,,18,,,,120;127;128,,42,1;4,,158;160;175,,,26;69,,7,3,,,48;84,,,,,4,,,,3
373,Fence,45;112,,,,8;147,,,,59,,,,119;127,,42;54,1;52,,233;240,,,27,,11,4,,,,,,,,2,,,,
374,Window,13;14;159,12,,,8;147,,,,17;24,,,,,,98,1;15,,152;158;161,,,9;69,,7;10,3,,,36,,,,,1,,,,3
375,Stairs,45;220,,,,8;147,,,,17;26,,,,72;279,,46,1;21,,233,,,27,,44;47,4,,,84;105,,,,,4,,,,
376,Fireplace,135;210,15;24,,,8;147;203,,,,14;19,,6,4,101;118,,37,19;22,,223;245;264,,,73,,41,4,,,72,,,,1,2,5;9,,,
377,Radiator,61;210,,,,8;147;203,,,,14,,,5,83;101,,98,3;4,,172;267,9,,75,,7;10,3,,,78,,,,2,40,9,,,4
378,Fan,31;32,,,,8;140;204,,,,,,,,102,,38;47,2;13,,127;264,2,,72,,1,2,,,38;61,,,,3,,7,,,2
379,Bathtub,16,,,,8;147,,,,23;25,,5,,124,,39,3,,183;306,,,1;27,,3;48,4,,21,65,,,,2,1;17,5,,,4
380,Shower,129,,,,8;147,,,,25;30,,,,,,39;78,15,,215;306,,,1;27,,14,4,,21,76,,,,2,1;17,4,,,
381,Toilet,10,,,,8;147,,,,,,,,,,39,17,,128;209;216,,,27,,32,3,,21,85,,,,,1;4,,,,4
382,Mirror,156,9,,,8;148,,,,24,,,,121;278,,39;98,1;15,,152,,,9;75,,10,3,,,,,,,,1,,,,2
383,Clock,154;155,,,,8;201,,,,,,,3,122,,98,13;15,,243;308,3,,75,,1,2,,,59;88,,,,,,21;22,,,2
384,Vase,16;134,,,,8;141;148,,,,24,,15,2,113;116,,101;130,15;16,,165;208,,,9,16;24,14;34,2,,,,,,,,1,,,,2
385,Painting,46;90,19,,,8;148,,,,,,,,116;311,,98,1;45;56,,152,,,75,,7;10,3,,,,,,,,,,40,4,2
386,Pen,39,,,,8;132;133,,,,,,,,86,,102;104,13;55,,119;261,,,,,11;12,2,,,58,,,,,,,18;19,,
387,Pencil,39,,,,8;132;133,,,,,,,,86;87,,102;139,1;54,,119,,,46,,11;12,2,,,110,,,,,,,18;40,,
388,Crayon,40,19,,,8;132;133,,,,,,,,87;224,,49;139,50,,119,,,,,52,1,38,,,,,,,21,,2,,
389,Eraser,221,,,,8;133,,,,,,,,88,,102;139,14,,,,,,,7,1,,,,,,,,20,,18,,
390,Paper,39;47,,,,8;133,,,,12,,,,86;90;225,,47;102,73,,,,,3;10,,10;12,2,,,71,,,,,1,,18;19,,
391,Notebook,13;39,,,,8;133,,,,,,,,86,,102;140,36;37,,256;257;258,,,16,,7;10,2,,,,,,,,,,18,,
392,Book,13;38,,,,8;207,,,,,,,,89;167,,70;134,36;37,,256;257;258;259,,,16,,7,2,36,,71,,,,,,,18,,
393,Newspaper,38;47,26,,,8;207,,,,,,,,89,,84;88,36;55,,256;259;260,,,10;22,,10;12,2,36,,71,,,,,,18,35,,
394,Envelope,13,,,,8;133,,,,,,,,92;258,,102;115,36,,290,,,,,7;10,2,,,,,,,,,,,,
395,Stapler,142,,,,8;121;133,,,,13,,,,,,47;102,3;13,,157;158,1,,,,,2,,,58,,,,,,,19,,
396,Tape,65;66,12,,,8;128;133,,,,,,,,75;90;330,,102;133,13,,,,,47,,12;57,2,,,,,,,,7,,1,,
397,Glue,63;79,,,,8;133,,,,55,,,,74;75,,41;102,123,,211;215,,,47,,,2,24,,,,,,,7,,2;11,,
398,Broom,42,,,,8;129,,,,,,,,79,,35;132,1;125,,116;121,1,,,,11,3,,,86,,,,,,,27,,
399,Mop,130,,,,8;129,,,,25,,,,80,,39;132,13;39,,116,1,,2,,11,3,,,122,,,,,,,27,,
400,Bucket,16;17,,,,8;141,,,,,,,,70;78,,42;132,2;13,,116;207,,,19,,4;34,3,,,65,,,,,,,27,,
401,Sponge,43;63,,,,8;129,,,,,,,,81;106,,39;136,46,,305,1,,2,,7,2,,,,,,,,24;32,,1,,
402,Towel,46;230,,,,8;205,,,,,,,,83,,15;39,39,,,,,2;23,,7;10,3,,,,,,,,3;6,,1;33,,
403,Soap,41,25,,17,8;205,,,,25;43,,,,124;125,,39;136,63;97,,,,,34,,3,2,,,,,,,,1;17,,1,,
404,Toothbrush,129;212,,,6;8,8;205,,,,,,,,277,,39,13;42,,116;121,1,,,,11;12,2,,14,,,,,,,4;16,1,,
405,Comb,199;213,,,23,8;205,,,,,,,,278,,39;104,13,,118,1,,,,10,2,,14,,,,,,,,1;44,,
406,Razor,129;198,,,2,8;124;205,,,,12,,,,275,,39;160,3;13,,109;116;117,1,,22,,55,2,,14,82,,,,,15,4,5;44,,
407,Candle,24;135,24,,,8;148;202,,,,14;19,,9,2,53;116;123,,74;101,50,,244;245,,,33,,4,2,38,,,,,,,21,5,,,
408,Match,28;135,,,,8;121,,,,14;19,,,,322,,35;95,1,,109;122,,,3;22,,12;52,1,30,,7;110,,,,,,,37,,
409,Lighter,135;228,,,,8;121,,,,14;19,,,,322,,95;104,2;13,,125;216;245,9,,16,,40,1,,,7;58,,,,,,,37,,
410,Key,15;61;214,,,,8;121,,,,,,,,103;128,,104;131,8,,117;118,,,16,,10;50,1,,14,49;58,,,,,,,22;46,,
411,Lock,15;214,,,,8;128,,,,,,,,73;128,,131,3;8,,157;271,,,8,,40,2,,,58,,,,,,,32;46,,
412,Bag,17;127,,,17,8;141;163,,,,36,,,,70;169,,84;85,13;38,,116,,,16;17,,34,3,,,71,,,,,,,56,,
413,Backpack,2;127,,,10;13,8;163,,,,38,,,,70;151,,48;143,38;42,,190;191;289,,,16;29,,,3,,,121,,,,,39,,18;38,,
414,Suitcase,65;127,,,,8;141;163,,,,38,,,,70;151,,63;90,13;38,,116;124;190,,,16;26;78,,6,3,,,55,,,,,,,36;47,,
415,Basket,16;17,,,,8;141,,,,,,,2,70;91,,86;150,75,,116,,,51,,1;34,3,,,84,,,,,,,,,
416,Box,13;126;127,,,,8;141,,,,,,,,91;92;161,,45;142,37,,205,,,10;19,,6;34,3,,,69,,,,,,,,,
417,Barrel,16;23;35,,,,8;141,,,,,,,4,41;91,,44;142,1;4,,204;306,,,8,,4;34,4,,,55,,,,,,,,,
418,Can,13,,,,8;141,,,,12,,,5,50;92,,85;132,6;12,,205;207,,,10;25,,4;34,2,,,64;73,,,,,,,1,,
419,Coin,98;139,9,,,8;206,,,,22,,,2,187,,104;114,7,,120,,,8,,10;24,1,,,49;68,,,,,,,55;56,,
420,Banknote,47;98,26,,,8;206,,,,,,,,187,,104;114,36,,259;260,,,17;45,,7;12,2,,,71,,,,,,,55;56,,
421,Ant,,,,,1;2;20;24;59,,11,11,1,3;10,,,,2;3,21,,15,36;38;47,,,,,,1,,7,,,,,,,,,,
422,Termite,,,,,1;2;20;24;30;59,,12,11,,1;15,,,,2,21,,15,36;38;47,,,,,,1,,7,,,,,,,,,,
423,Bee,,1,12;24,,1;2;20;24;59,,6;11,11,3,1;14,,,11;15,2;3,119,,10,23;36;37;38,,,,,,1,,7,26,,,,,,,,,
424,Bumblebee,,1,12,,1;2;20;24;59,,6;11,11;20,3,1;14,,,15,2;3,23,,10,23;36;37;38,,,,,1,1,,7,26,,,,,,,,,
425,Wasp,,1,53,,1;2;20;24;29;30;59,,6;11,11,3,3;20,,,,2;3,42,,10,23;36;37;38,,,,,38,1,,7,26,,,,,,,,,
426,Hornet,,1,53,,1;2;20;24;29;59,,6;15,11,3,2;20,,,,2;3,2,,10,23;36;37;38,,,,,,1,,7,26,,,,,,,,,
427,Fly,,,,,1;2;20;24;30,,11,11,9,5;33,,,,2;3,35,,10,23;38;40,,,,,,1,,,26,,,,,,,,,
428,Mosquito,,,32,,1;2;20;24;30;31,,13,11,1;9,27,,,,2;3,8,,10,23;38;48,,,,,38,1,,8,4,,,,,,10,,,
429,Butterfly,,19,12,,1;2;20;24,,8,11,,1;14,,,15,2;3,42,,10;14,23;36;38;48,,,,,,1,,1,,,,,,,,,,
430,Moth,,20,,,1;2;20;24;30,,15,11,,1;14,,,,2;3,42,,10;14,23;36;38;48,,,,,,1,,1,,,,,,,10,,,
431,Caterpillar,,20,,,1;2;20;24;30,,4,6,10,1;8,,,,3;8,,,15,47;74;75,,,,,11,1,,1,,,,,,,,,,
432,Beetle,,9,18,,1;2;20;24,,11,11,,1;8,,,,2;3,1,,10;15,36;38;297,,,,,3,1,,1,,,,,,,,,,
433,Ladybug,,2,18,,1;2;20;24;29,,1;11,11,,2;32,,,14,2;3,42,,10;15,36;38;297,,,,,1,1,,1,,,,,,,,,,
434,Firefly,,15,31,,1;2;20;24,,11,11,,2,,,,2;3,23,,10,36;38;297,,,,,,1,,,,,,,,,10,,,
435,Grasshopper,,20,54,,1;2;20;24,,4,11,,1;7,,,,2;6,23,,4;10,36;38;49,,,,,,1,,1,16,,,,,,,,,
436,Cricket,,,54,,1;2;20;24,,11,11,,3;10,,,317,2;6,23,,4;15,36;38;49,,,,,,1,,1,16,,,,,,10,,,
437,Locust,,,23,,1;2;20;24;30,,15,11,10;75,1,,,,2;6,25,,4;10,36;38;49,,,,1,,1,,8,16,,,,,,,,,
438,Dragonfly,,8,89,,1;2;20;24;29,,3,11,,2;20,,,14,2;3,11,,10;13,23;38;40,,,,,11,1,,1,,,,,,,,,,
439,Cockroach,,9,55,,1;2;20;24;30,,15,11,9,5;33,,,,2;6,35,,43,23;36;38,,,,,10,1,,,,,,,,,10,,,
440,Flea,,,32,,1;2;20;24;30;31,,15,11,1;46,27,,,,2;3,164,,4,38;49,,,,,,1,,,,,,,,,,,,
441,Mantis,,20,2,,1;2;20;24;29,,4,11,,2;20,,,14,2;6,23,,15,38;40,,,,,38,1,,1,,,,,,,,,,
442,Cicada,,,10,,1;2;20;24,,15,11,,1,,,,2;6,116,,10,23;38;40,,,,,,1,,8,26,,,,,,7,,,
443,Spider,,,8,,1;2;21;24;29,,15,11,1;4,2;20,,,14,2;6,,,15,13;39;298,,,,,,1,,1,,,,,,,,,,
444,Scorpion,,,55,,1;2;21;24;29,,18,11,3;4,2;20,,,,1;6,5,,15,35;37;39,,,,,,1,,1,,,,,,,10,,,
445,Tick,,,32,,1;2;21;24;30;31,,15,11,1;9,27,,,,2;6,164,,15,39,,,,,10,1,,,,,,,,,,,,
446,Centipede,,,92,,1;2;24;29,,15,11,1;4,2;20,,,,2;6,31,,43,36;74;75,,,,,11,1,,1,,,,,,,10,,,
447,Worm,,,58;92,,1;2;24,,10,7,,,,,227;317,2,31,,17,74,,,,,11,1,,,,,,,,,,,,
448,Snail,,,56;57,,1;2;23;24;30,,15,10,10,1;8,,,318,2,42,,15,70;71;72,,,,,22,1,,,,1,,,,,10,,,
449,Slug,,,57,,1;2;23;24;30,,11,13,10,1;8,,,,2,42,,15,70;71,,,,,11,1,,,,1,,,,,10,,,
450,Snake,,21,59,,1;2;18;29;56,,4,9,1,2;24,,,,2;39,3,,16,13;41,,,,,11,2,,1,7,,,,,,,,,
451,Cobra,,,59,,1;2;18;29;56,,15,9,4;11,2;24,,,,2;39,7,,16,13;41;53,,,,17,11,3,,1,7,,,,,,,,,
452,Python,,21,30,,1;2;18;29;56,,15,9,,2;24,,,10,2;39,7,,7;16,14;41,,,,,11,4,,1,7,,,,,,10,,,
453,Rattlesnake,,21,2,,1;2;18;29;56,,15,9,4,2;24,,,,1;39,5,,16,13;41;52,,,,4,11,3,,1,36,,,,,,10,,,
454,Viper,,21,15,,1;2;18;29;56,,13,9,4,2;24,,,,1;39,2,,16,13;41,,,,3,13,2,,1,7,,,,,,,,,
455,Lizard,,,15;60,,1;2;18;57,,15,9,,4;20,,,,2;39,118,,7;43,4;58,,,,,,2,,1,,,,,,,,,,
456,Gecko,,2,60,,1;2;18;26;57,,18,9,,4;20,,,14,2;39,98,,7;43,58,,,,,,1,,1,16,,,,,,10,,,
457,Iguana,,,15,,1;2;18;26;57,,4,9,,1;8,,,,2;39,7,,7;8,4;30;58,,,,5,,3,,1,,,,,,,,,,
458,Chameleon,,20,19;61,,1;2;18;57,,4,9,,4;20,,,,2;39,7,,7,42;62,,,,1,,2,,1,,,,,,,,,,
459,Crocodile,,,2;15,,1;2;18;29;58,,,9,11,2;25,,,10,2,9,,8;15,14;58;77,,,,1,11,4,,,3,,,,,,,,,
460,Alligator,,,2;15,,1;2;18;29;58,,11,9,1,2;25,,,10,2,8,,8;15,14;58;77,,,,4,11,4,,,31,,,,,,,,,
461,Turtle,,,45,,1;2;18,,4,10,,3,,,,2;5,13,,8,20;24,,,,,3,4,,1,,,,,,,,,,
462,Tortoise,,,56,,1;2;18;26,,15,10,,1;7,,,1,2;9,33,,1,4;24;57,,,,,25,2,,1,,1,,,,,,,,
463,Frog,,,61,,1;2;19,,4,7,,4;20,,,14,2;3,11,,4;8,29;42,,,,,,1,,,27,,,,,,10,,,
464,Toad,,,61,,1;2;19,,15,6,5,4;20,,,14,2;3,42,,5,42;299,,,,,,1,,1,27,,,,,,10,,,
465,Salamander,,2,34,,1;2;19,,6;11,7,5,2;21,,,,2;3,2,,15,57;58;299,,,,,11,1,,1,,,,,,,10,,,
466,Newt,,2,34,,1;2;19,,15,7,5,2;21,,,,2;3,11,,8;15,30;57;63,,,,,11,1,,1,,,,,,,10,,,
467,Spoon,68;69,,,,8;134,,,,,,,,93;96,,101;133,5,,116;209,,,,,,2,,,,,,,,,,1,,
468,Teaspoon,68,,,,8;134,,,,,,,,76,,101;133,5,,116;209,,,,,,1,,,68,,,,,,,1,,
469,Fork,81,,,,8;134,,,,13,,,,93,,101;133,5,,116;210,,,,,,2,,,,,,,,,,1,,
470,Knife,66;79,,,,8;124;134,,,,12,,,,62;93,,101;133,5,,116;117,,,,,,2,,,,,,,,15,,1,,
471,Chopsticks,81,,,,8;134,,,,,,,,93,,87;101,1;48,,,,,35,15;16,12;52,2,,,,,,,,,,1,,
472,Ladle,67;69,,,,8;138,,,,,,,,95;96,,35,5,,116;209,,,,,11,2,,,,,,,,,,7,,
473,Spatula,139,,,,8;138,,,,,,,,,,35,13,,116;117,,,,,10,2,,,,,,,,,,7,,
474,Whisk,144,,,,8;138,,,,,,,,97;98,,35,5,,116;273,1,,,,42,2,,,,,,,,,,7;8,,
475,Tongs,63,,,,8;138,,,,,,,,61;95,,35;151,5,,76;116;158,,,,,11,2,,,,,,,,,,7,,
476,Cup,16;74,,,,8;136;137,,,,,,,,94,,101;132,16,,116;207,,,9,,1;34,2,,,68,,,,1,1,,1,,
477,Mug,16;74,,,,8;137,,,,,,,,94,,102;132,16,,116;207,,,9,,4;34,2,,,,,,,1,1,,1,,
478,Glass,16;74,12,,,8;136;137,,,,12;24,,,,94,,101;132,15,,207;208,,,9,,4;34,2,,,68,,,,4,1,,1,,
479,Goblet,74,12,,,8;136;137,,,,24,,,,94,,36;101,15,,88;207;208,,,9,,32;34,2,,,46;68,,,,,1,,,,
480,Bottle,13;67,12,,,8;141,,,,24,,,,91;99,,44;135,13;15,,165;211,,,10,,4;34,2,,,68,,,,,1,,1,,
481,Jar,13;62,12,,,8;141,,,,24,,,,50;91,,132,15,,205,,,10;25,,4;34,2,,,73,,,,,1,,1,,
482,Jug,16;67,,,,8;136;141,,,,24,,,,95;99,,101,15;16,,116;206,,,9,,34,2,,,,,,,,1,,,,
483,Teapot,67,,,,8;136;141,,,,30,,,,49;99,,101,17,,116;205;206,,,9,,1;34,2,,,,,,,1,1,,,,
484,Kettle,16;32;67,,,,8;135;139,,,,30,,,,100,,35,5,,116;205;206;212,2,,,,1;34,2,,,33;67,,,,1,1,,1,,
485,Thermos,17;67,,,,8;141,,,,,,,,105,,95;150,5,,211,,,7;16,,4;34,2,,,,,,,1,1,,38,,
486,Pot,68,,,,8;135,,,,14;30,,,,47;100,,35;137,5,,116;205,,,4,,4;48,2,,,67,,,,1,,,7,,
487,Pan,77;139,,,,8;135,,,,14,,,,47;48,,35;137,5,,116,,,4,,1;49,2,,,66,,,,1,,,7,,
488,Wok,68;77,,,,8;135,,,,14,,,,47;48,,35;137,3,,116,,,4,16,1;32,2,,,66,,,,1,,,7,,
489,Plate,126;140,,,,8;136,,,,24,,,,93;95,,101;132,16,,207,,,9;19,,1;10,2,,,64,,,,,1,,1,,
490,Bowl,16;140,,,,8;136,,,,24,,,,93;95;98,,101;132,16,,207;208,,,9;19,,1;48,2,,,,,,,,1,,1,,
491,Saucer,,,,,8;136,,,,24,,,,84,,101;132,16,,207,,,9;19,,1;49,2,,,68,,,,,1,,1,,
492,Tray,17;140,,,,8;136,,,,,,,,70;95,,87,2;13,,116;207,,,19,,7;10,3,,,64,,,,,,,9,,
493,Colander,67;129,,,,8;138,,,,,,,,331,,136,5,,116;305,,,,,32,2,,,,,,,,,,7,,
494,Sieve,30,,,,8;138,,,,,,,,,,35,5;124,,116;305,,,,,32,2,,,,,,,,,,8,,
495,Grater,221,,,,8;138,,,,12,,,,,,35,5,,116;118;305,1,,,,6,2,,,82,,,,,2;15,,7,,
496,Peeler,,,,,8;138,,,,12,,,,,,133,5;13,,116;117,1,,,,,2,,,82,,,,,15,,7,,
497,Corkscrew,62,,,,8;138,,,,13,,,,103,,89;133,5,,116;266;270,1,,,,20;22,2,,,73,,,,,,,9;10,,
498,Funnel,16;67,,,,8;138,,,,,,,,99,,35;40,13,,206;207,12,,,,5;34,2,,,,,,,,1,,,,
499,Scale,,,,,8;127;138,,,,,,,,76;104,,35;86,3;13,,185;209,3,,86,,10,2,,,57,,,,,,,8,,
500,Napkin,47;130,,,,8;136,,,,,,,,81,,87;101,36,,,,,2;22,,8,2,,,,,,,,3,,1,,
501,Oven,76,,,,8;139,,,,14,,,,46,,35,3;15,,159;212;213,2;9,,73,,6,3,,,38,,,,1,,,7;8,,
502,Stove,75,,,,8;139,,,,14;19,,,,48;100,,35,3,,159,2;9,,73,,6,3,,,7,,,,1,,,7,,
503,Microwave,136;142,,,,8;139,,,,,,,6,101,,35;47,3;13,,177;213,2,,72,,6,3,,,38;57,,,,,,,1,,
504,Toaster,142,,,,8;139,,,,14;15,,,,,,35,3;13,,212;265;266,2,,72,,6,2,,,73,,,,1,,12,1,,
505,Blender,67;142,,,,8;139,,,,12,,,,,,35;88,3;13,,127;205;214,2,,72,,14,2,,,61;109,,,,,,,7,,
506,Mixer,32;78,,,,8;139,,,,,,,,97;98,,35;91,3;13,,127;187;209,2,,72,,,2,,,61,,,,,,,8,,
507,Refrigerator,13;125,,,,8;139;140;204,,,,,,,,105;107,,35,3;13,,154;213;263,2,,7,,6;14,4,,,38,,,,4,,,1,,
508,Freezer,125,,,,8;139;140;204,,,,,,,,107,,35;40,3;13,,153;213;263,2,,7,,6,4,,,38,,,,5,,,1,,
509,Dishwasher,119;120,,,,8;139;140,,,,,,,,106,,35,3;13,,213,2,,38;73,,6,3,,,38;122,,,,1,,,1,,
510,Sink,41;129,,,,8;147,,,,,,,,106;125,,35;39,5,,183;209;306,,,27,,32,3,,,75;78,,,,,1,,1,,
511,Mountain,45;105;231,,,,9;10;225,4,,23,17;51,,3,,198;199;203,,,27,,235;236,,,,,14;46,6,,,80,,,,,,,,,
512,Hill,45;105;203,,,,9;10;225,3,,24,17,,5,,198;202,,,25;27,,236,,,,,1;47,5,,,,,,,,,,,,
513,Volcano,45;88;209,,66;82,,9;10;225,,,,14;39,,2;3,,203,,,27;28,,236;237,,,,,5;46,6,30,,47;55,,,,1,,,,,
514,Valley,105,,,,9;10;225,15,,24;25,32,,5;25,,148;198;202,,,25;27,,236,,,,,16;48,6,,,80,,,,,,,,,
515,Canyon,90;91;105,,,,9;10;225,6,1,,17;52,,3,,198;203,,,27,,,,,,,17;46;48,6,,,80,,,,,,,,,
516,Cliff,45;90,,,,9;10;225,11,,,17;52,,2;3,,203,,14,27,,,,,,,14;46,5,,,,,,,,,,,,
517,Cave,107,17,,,9;10;225,,,,33;34,,2;29,,155;165;203,,20;21,27,,,,,,,34;48,5,23,,75;80,,,,3,9,,,,
518,Boulder,10;45,,,,10,,13,40,8;52,,,,,,6;127,27,,,,,,,1;39,4,,,,,,,,2;4,,,,5
519,Pebble,18;81,,,,10,,13,,22,,,,116;222,,15;120,27,,,,,,,1,1,,,,,,,,1;4,,,,2
520,Glacier,45;105,,62,,9;10;225,5,3;12,,17;31,,3,,201;203,,6;19,29;30,32,,,,,,,6,,,,1,,,5,4;17,,,,
521,Iceberg,88;89,,62,,10,5,3;12,,53;54,,3,,,,13;19,29,22;23,,,,,,,6,,,,1,,,5,4;17,,,,
522,Island,7;92;107,,,,9;10;225;230,1,,25,,,16;21,,156;203,,12;13,23;27,,,,,,,,6,22,,118,,,,,,,,,
523,Beach,44;102;110,,,,9;10;230,8,18,,23;35,,4;16,,139;153;203,,14,23,,,,,,,10;11,5,22,,118,,,,2,3;11,7,,,
524,Coast,7;205,,,,9;10;230,11,,,23;32,,16,,156;157;203,,12;13,23;27,,,,,,,11;45,7,22,,118,,,,,,,,,
525,Reef,88;102;109,,,,9;10;230,1,23,,12;53,,23,,156;197;203,,13;16,70,,,,,,,49,6,22,,118,,,,,2;4;15,,,,
526,Desert,3;107,,,,9;10;229,6;8,18,,33;49;50,,3;21,,332,,,23;27,,,,,,1;9,10,7,,,53,,,,1,8;11,,,,
527,Dune,45;55,,,,9;10;225,6;11,18,,,,3,,,,5;15,23,23,,,,,,18;47,5,,,,,,,1,8;11,,,,
528,Oasis,1;92,,,,9;10,6,,25,,,5;22,,19;148;201,,5,31,,,,,,,,5,,,,,,,,,,,,
529,Forest,105;106;232,,,,9;10;229,3,4,25;40,19;33,,5;29,,17;197;198;205,,,,,,,,,,,7,6;11,,17;71,,,,,,,,,
530,Jungle,105;107,,,,9;10;229,1;7;9,4,25;26,1;9;33,,3;29,,17;155;197,,,,,,,,,1;5;21,,7,6;23,,17;26,,,,,,,,,
531,Savanna,88;91,,,,9;10;229,1,18,24,19;49,,3;16,,197;202;203,,,,,,,,,1,10,7,,,,,,,,,,,,
532,Prairie,3,,,,9;10;229,3;11,4;18,24,19,,16,,148;197;202,,,,,,,,,4,10,7,,,71,,,,,,,,,
533,Tundra,183,,,,9;10;229,5;11,12;15,23;40,31;76,,21,,197;202,,,,,,,,,8,10,7,,,,,,,5,,,,,
534,Meadow,204;205,,,,9;10;231,3,4,24,,,4;5,,25;153;202,,61,,,,,,,,10,5,4;13,,17;26,,,,,,6;7,,,
535,Field,85;181,,,,9;10;231,3,4;6,26,,,5,,148;194,,52;61,25,,,,,,,10,5,6,,,,,,,,7;8,,,
536,Swamp,88;124,23,,,9;10;228,7,5;15,25,1;9;23,,2;29,,197,,,26;31,,,,,,,10;49,5,23,,26;27,,,,,9,,,,
537,Marsh,88;201,23,,,9;10;228,7,4;15,24,9;23,,5;29,,197,,,26;31,,,,,,,10;49,5,23,,26;27,,,,,9,,,,
538,River,102;104,,,,9;10;226;227,,,,23;32,,5,,156;200;201;333,,28,31,32,,,,,,11;45,6,,,119,,,,,9,,,,
539,Stream,104;201,,,,9;10;226;227,,,,32,,5,,156;201,,28,31,32,,,,,,17;45,4,,,79,,,,,9,,,,
540,Lake,102;202,,63,,9;10;226,,,,23,,5;25,,156;333,,28;61,31,41,,,,,,48,6,,,117,,,,,9,,,,
541,Pond,201;202,,63,,9;10;226,,,,23,,5;25,,156,,61;80,31,41,,,,,,49,4,,,27,,,,,9,,,,
542,Sea,7;102,,76,,9;10;226,,3,,23;77,,5;16,,139;156;157,,,32,,,,,,,,7,22,,77;118,,,,,9,,,,
543,Ocean,7;107,,76,,9;10;226,,3,,23;53,,3;16,,156;157,,,32,,,,,,11,48,7,22,,77;118,,,,,9,,,,
544,Waterfall,90;91,25,,,9;10,,,,23;25,,3,,203,,6;9,27;31,31,,,,,,14;46,5,,,8;65,4,,,,9,,,,
545,Geyser,88;91,,66,,9;10,,,,30,,3;23,,203,,,31;114,35,,,,,,14,5,30,,7;8,4,,,1,9,,,,
546,Dog,,,35,,1;2;15;25;26;32,,,1,1,3;25,,,1;2,,34,,2,1;3;12,,,,,,3,,3;13,1,,,,,,,,,
547,Wolf,,,1,,1;2;15;29;32,,13,1,1,2;25,,,,,1,,2,1;3;12,,,,23,,3,,3,2,,,,,,,,,
548,Coyote,,,3,,1;2;15;29;32,,13,1,1,2;25,,,,,163,,2,1;3;12,,,,4,,3,,3,2,,,,,,,,,
549,Fox,,,,,1;2;15;29;32,,17,1,69,3;25,,,12,,1,,2;25,2;3;12,,,,23,,2,,1,1,,,,,,10,,,
550,Cat,,,26,,1;2;15;25;26;33,,13,1,2,2;29,,,1;14,,34,,7;25,1;4;11,,,,,,2,,13,5;6,,,,,,10,,,
551,Lynx,,2,2,,1;2;15;29;33,,13,1,2,2;25,,,,,1,,7;25,4;11;59,,,,23,,3,,1,3,,,,,,10,,,
552,Lion,,,1,,1;2;15;29;33;34,,18,1,11,2;25,,,,,4,,2;25,4;10;13,,,,1,,4,,12,8,,,,,,10,,,
553,Tiger,,1,2,,1;2;15;29;33;34,,8,1,11,2;25,,,,,7,,8;25,1;4;13,,,,2,,4,,1,8,,,,,,10,,,
554,Leopard,,2,2,,1;2;15;29;33;34,,18,1,11,2;25,,,,,4,,7;25,1;4;13,,,,1,,3,,1,3,,,,,,10,,,
555,Jaguar,,2,2,,1;2;15;29;33;34,,18,1,11,2;25,,,,,7,,8;25,4;13;77,,,,5,,3,,1,8,,,,,,10,,,
556,Cheetah,,2,,,1;2;15;29;33;34,,18,1,,2;25,,,,,4,,24,1;4;32,,,,1,,3,,1,6,5,,,,,,,,
557,Hyena,,2,3,,1;2;15;29,,18,1,1,2;26,,,,,4,,2,1;3;77,,,,1,,3,,3,37,,,,,,10,,,
558,Bear,,,39,,1;2;15;29,,15,1,,3;22,,,,4,1,,1;7,3;4;59,,,,23,,4,,1,3,,,,,,,,,
559,Panda,,7,38,,1;2;15,,11;12,1,,1;16,,,,,1,,1;7,3;4;59,,,,16,,4,,1,12,,,,,,,,,
560,Raccoon,,6,,,1;2;15,,13,1,9,3;33,,,,,1;58,,7,3;61,,,,4,,2,,1,30,,,,,,10,,,
561,Skunk,,1,16,,1;2;15,,11;12,1,,3;20,,,,,2,,1,2;4,,,,4,,2,,1,7,,,,,,10,,,
562,Badger,,1,6,,1;2;15;41,,13,1,1,3;21,,,,,2;22,,1,4;12;57,,,,3,,2,,9,3,,,,,,10,,,
563,Otter,,,37,,1;2;15;29;41,,15,1,,2;22,,,,,9,,8;9,11;29;58,,,,23,,2,,9,33,,,,,,,,,
564,Weasel,,,,,1;2;15;29;41,,15,1,69,2;25,,,14,,2,,2,11;57;58,,,,23,,2,,1,7,,,,,,10,,,
565,Ferret,,6,37,,1;2;15;25;26;41,,20,1,1,2;29,,,1;3,,34,,2,11;57;58,,,,,,2,,13,7,,,,,,,,,
566,Seal,,2,91,,1;2;15;29;43,,13,1,1,2;22,,,,,14,,8;9,11;20,,,,8,,3,,7,1,,,,,,,,,
567,Walrus,,,91,,1;2;15;43,,15,5,44,2;23,,,,,19,,8;9,8;11;20,,,,8,,4,,4,31,,,,,,,,,
568,Whale,,,,,1;2;15;43,,13,6,,6;19,,,,5,13,,8;9,20;22;296,,,,,,6,,11,40,,,,,,,,,
569,Dolphin,,,21,,1;2;15;29;43,,13,6,,2;22,,,,,13,,6;8,20;22;45,,,,,,4,,11,28,,,,,,,,,
570,Porpoise,,,21,,1;2;15;29;43,,13,6,,2;22,,,,,14,,8;9,20;22;45,,,,23,,3,,9,28,,,,,,,,,
571,Orca,,7,1,,1;2;15;29;43,,11;12,6,,2,,,,,13,,6;8,20;22;45,,,,,,5,,11,28,,,,,,,,,
572,Monkey,,,26,,1;2;15;36,,15,1,1,3;9,,,,,7,,7;18,50;58,,,,,,2,,10,30,,,,,,,,,
573,Chimpanzee,,,28,,1;2;15;36;37,,11,1,1,3;9,,,,,7,,7;18,50;295,,,,1,,3,,10,23,,,,,,,,,
574,Gorilla,,,38,,1;2;15;36;37,,11,1,7,1;8,,,,,7,,1;7,50;295,,,,1,,4,,10,14,,,,,,,,,
575,Orangutan,,,28,,1;2;15;36;37,,8,1,,1;9,,,,,7,,7;18,50;295,,,,2,,3,,1,31,,,,,,,,,
576,Bat,,,21;27,,1;2;15,,15,1,9,4;20,,,14,4,20,,10,23;55,,,,,,1,,7,15,,,,,,10,,,
577,Hedgehog,,,17,,1;2;15,,15,12,13,4;20,,,14,4,42,,1,12;57,,,,3,,2,,1,32,,,,,,10,,,
578,Mole,,,58,,1;2;15,,11,1,,4;21,,,,,21,,17,4;12,,,,,,2,,1,,,,,,,,,,
579,Sloth,,,27,,1;2;15,,15,1,,1;8,,,,,7,,7,4;295,,,,5,,2,,1,,1,,,,,10,,,
580,Koala,,,,,1;2;15;42,,13,1,,1;8,,,,37,1,,7,4;16;55,,,,6,,2,,1,31,,,,,,10,,,
581,Kangaroo,,,90,,1;2;15;42,,15,1,6,1;7,,,,37,3,,5,16;49;58,,,,6,,4,,4,,,,,,,,,,
582,Wallaby,,,,,1;2;15;42,,15,1,,1;7,,,,37,33,,5,16;49;58,,,,6,,3,,1,,,,,,,11,,,
583,Horse,,,4,,1;2;15;25;28;38;39,,15,2,6,1;28,,,4;154,,53,,3,5;10;58,,,,,,4,,4,9,,,,,,,,,
584,Donkey,,,36,,1;2;15;25;28;38;39,,13,2,6,1;28,,,5;70,,53,,1,5;10;19,,,,,,3,,4,10,,,,,,,,,
585,Mule,,,36,,1;2;15;25;28;38;39,,15,2,6,1;28,,,5;70,,53,,1,5;10;19,,,,,,4,,,10,,,,,,,,,
586,Zebra,,1,4,,1;2;15;38;39,,11;12,2,6,1;7,,,,5,4,,3,1;5;10,,,,1,,4,,4,10,,,,,,,,,
587,Cow,,27,14,,1;2;15;25;27;38,,11;12,2,6,1;7,,,6;7,,54,,1,5;6;43,,,,,,4,,4,11,,,,,,,,,
588,Buffalo,,,25,,1;2;15;25;27;28;38,,11,2,7,1;7,,,5;6,,8,,1;20,5;6,,,,2,,4,,4,31,,,,,,,,,
589,Bison,,,,,1;2;15;38,,15,2,7,1;7,,,,,163,,1;2,5;6;17,,,,4,,4,,4,14,,,,,,,,,
590,Sheep,,,4,,1;2;15;25;27;38,,12,3,,1;7,,,7;8,,54,,1,5;59,,,,,,3,,5,12,,,,,,,,,
591,Goat,,,5,,1;2;15;25;27;38,,12,2,7,1;8,,,6;7,,54,,1;7,5;6;64,,,,,,3,,4,12,,,,,,,,,
592,Llama,,,29,,1;2;15;25;27;38,,15,3,,1;7,,,8;70,,6,,1,18;56,,,,5,,4,,4,38,,,,,,,,,
593,Alpaca,,,29,,1;2;15;25;27;38,,12,3,,1;7,,,8,,6,,1,18;56,,,,5,,3,,4,38,,,,,,,,,
594,Camel,,,29,,1;2;15;25;28;38,,18,2,1,1;8,,,4;70,,5,,1,17;18;32,,,,9,,4,,4,31,,,,,,,,,
595,Pig,,,25,,1;2;15;25;27;38,,10,4,,3,,,7,,,,1,5;12;60,,,,,,3,,4,13,,,,,,,,,
596,Boar,,,25,,1;2;15;38;61,,15,4,44,3,,,,,1,,2,5;8;12,,,,3,,3,,4,14,,,,,,10,,,
597,Deer,,,5,,1;2;15;38;40;61,,15,2,54,1;8,,,,38,1,,2;6,5;7;59,,,,23,,3,,4,,,,,,,11,,,
598,Moose,,,5,,1;2;15;38;40;61,,15,2,54,1;8,,,,38,1,,1;20,5;7;32,,,,23,,4,,1,31,,,,,,11,,,
599,Reindeer,,,4,,1;2;15;28;38;40,,15,2,,1;7,,,5;7,5;38,,,2,5;7;59,,,,8,,3,,4,14,,,,,,,,,
600,Antelope,,,4,,1;2;15;38;61,,18,2,,1;7,,,,,4,,2;6,5;6;32,,,,1,,3,,4,,5,,,,,,,,
601,Giraffe,,27,5,,1;2;15;38,,18,2,6,1;8,,,,,4,,1,5;18;32,,,,1,,5,,4,,,,,,,,,,
602,Elephant,,,25,,1;2;15,,13,5,,1;7,,,,,4,,1,8;9;55,,,,1;2,,5,,4,29,,,,,,,,,
603,Rhinoceros,,,25,,1;2;15;38,,13,5,7,1;7,,,,,4,,1,5;6,,,,1;2,,5,,1,32,,,,,,,,,
604,Hippopotamus,,,25,,1;2;15;38,,13,5,11,1;7,,,,,9,,1;20,8;57;77,,,,1,,5,,4,14,,,,,,10,,,
605,Mouse,,,13,,1;2;15;30;35,,13,1,,3;12,,,,,34,,43,11;15;58,,,,,,1,,7,15,,,,,,10,,,
606,Rat,,,13,,1;2;15;30;35,,15,1,9,3;33,,,,,123,,43,11;15;58,,,,,,2,,7,15,,,,,,10,,,
607,Hamster,,,9,,1;2;15;25;26;35,,15,1,,3;10,,,1,,124,,43,15;59;303,,,,,,2,,1,15,,,,,,10,,,
608,Squirrel,,,9,,1;2;15;35,,13,1,,1;11,,,,,1,,6;7,2;4;15,,,,,,2,,1,30,,,,,,,,,
609,Chipmunk,,1,9,,1;2;15;35,,15,1,,1;10,,,,4,1,,7;43,1;15;303,,,,4,,1,,1,16,,,,,,,,,
610,Beaver,,,7,,1;2;15;35,,15,1,,1;13,,,12,,9,,8;9,15;29;63,,,,23,,3,,9,65,,,,,,10,,,
611,Porcupine,,,13,,1;2;15;35,,15,12,13,1;13,,,,,1,,1;7,15;57,,,,,,3,,1,14,,,,,,10,,,
612,Rabbit,,,6,,1;2;15;26,,13,1,10,1;7,,,1;7,,22;23,,5,19;49;59,,,,,,2,,7,,,,,,,11,,,
613,Hare,,,90,,1;2;15;61,,15,1,,1;7,,,,,23,,2,19;49;59,,,,,,2,,1,,5,,,,,11,,,
614,Iron,,11;22,,,12;240;241,,13,,,,,2,214;337,,,71,,,,44;46;83,5;6;10;11;52,,,,,,,,1,,,1;4,,,2,4
615,Steel,,9;22,,,12;240;241;243;251,,13,,,,,5,29;214;337,,,4;69,,,,46;75;83,5;6;8;10;11;52,,,,,,,,1,,,1;4,,,2,4
616,Copper,,9;22,,,12;240;241,,17,,,,,2,211;212;213,,,71,,,,44;46,6;10;13;37,,,,,,,,1,,,1;4,,,3,4
617,Bronze,,9;22,,,12;240;241;243,,15,,,,,2,215;337,,,7;12,,,,46;47;75,6;8;10;13;37,,,,,,,,1,,,1;4,,,3,4
618,Brass,,9;22,,,12;240;241;243,,21,,,,,2,116;213,,,7;127,,,,46;47;75,6;10;13;37,,,,,,,,1,,,1;4,,,3,4
619,Gold,,9;22,,,12;240;241;242,,21,,,,,2,210;211,,,71,,,,44;47;53,6;10;12;13,,,,,,,,1,,,1;3,,,6,5
620,Silver,,9;22,,,12;240;241;242,,14,,,,,2,210;211,,,71,,,,44;47;53,6;10;13;37,,,,,,,,1,,,1;4,,,6,4
621,Aluminum,,9;22,,,12;240;241,,14,,,,,6,92;226,,,71,,,,44;46;85,6;10;12;13;51,,,,,,,,1,,,1;4,,,2,2
622,Lead,,11;22,,,12;240;241,,13,,21,,,2,213;221,,,71,,,,44;46,10;13,,,,,,,,1,,,1;3,,,2,5
623,Tin,,9;22,,,12;240;241,,14,,,,,2,226,,,71,,,,44;46,6;10;12;13,,,,,,,,1,,,1;3,,,3,4
624,Stone,,,,,12;240;245;251;252,,13,,,,,1,29;215;222,,,,,,,45;54,8,,,,,,,,1,,,2;4,,,2,4
625,Marble,,10;21,,,12;240;245;251;252,,12,,,,,2,215;335;336,,,,,,,45;54;82,8,12;24,,,,,,,1,,,1;4,,,4,4
626,Granite,,4,,,12;240;245;251;252,,13,,,,,2,29;222;336,,,,,,,45;55;82,8;48,,,,,,,,1,,,2;4,,,4,4
627,Chalk,,,,,12;240;245;252,,12,,,,,,86;87,,49,70,,,,45,9;46,,,,,,,,1,,,3;13,,,2,2
628,Clay,,,,,12;240;252,,17,,,,,1,29;215;223,,,31;122,,,,48;52;80,13,,,,6,,,,8,,,3;7,,,2,
629,Sand,,,,,12;240;252,,18,,,,,,29;185,,5;15,27;122,,,,79;80,,,,,,,,,5,,,8;11,,,2,
630,Gravel,,,,,12;240;251;252,,13,,,,,,220;222;331,,161,27,,,,45;78,,,,,,,70,,5,,,4;12,,,2,
631,Mud,,,,,12;252,,15,,25;56,,,,29,,120,25;31,,,,,,,,,6,,,,6,,,3;7;9,,,1,
632,Dust,42;218,,,,12;254,,13,,29;43,,,,,,45;134,25,22,,,,,,,,,,,,4,,,8;13;16,,,1,1
633,Ash,42,,,,12;254,,13,,43,,,,227,,138,69,,,,76,,,,,7,,,,4,,,8;13;16,,,1,1
634,Rust,43,,,,12;254,,17,,56,,,,,,,4,,,,,,,,,27,,,,1,,,2;28,,,1,
635,Cotton,,,,,12;240;247;248;252,,12,,,,,2,216,,,75,,,,49;50;56,2;14;23;30;109;110,,,,,,,,1,,,3;6,,,2,2
636,Linen,,,,,12;240;247;248;252,,19,,,,,2,216,,,75,,,,49;50;56,2;14;23;30;52;110,,,,,,,,1,,,3;25,,,4,2
637,Wool,,,,,12;240;247;248;252,,20,,46,,,2,216,,,77,,,,50;57,7;14;23;30;50;109,,,,,,,,1,,,3;18,,,3,2
638,Silk,,9,,,12;240;247;248;252,,12,,,,,2,216,,,,,,,49;50;58,14;23;30;51;52,16,,,,,,,1,,,3;38,,,5,2
639,Nylon,,,,,12;240;247;249;253,,,,,,,6,216;218,,,72,,,,49;84,23;49;51;52,,,,,,,,1,,,1;3,,,2,2
640,Denim,,,,,12;240;247;253,,3,,,,,5,216,,,39,,,,49;58;86,8;23;52,,,,,,,,1,,,45,,,3,2
641,Leather,,,,,12;240;252,,15,,,,,1,216;217;218,,,76,,,,51;58;86,8;52,,,,,,,,1,,,19;45,,,4,
642,Plastic,,,,,12;240;249;253,,23,,40,,,6,92,,,72,,,,48;84;85,1;7;10;51,,,,,,,,1,,,1,,,2,2
643,Rubber,,,,,12;240;252,,11,,,,,5,217;330,,,74,,,,48;56,1;7;49,21,,,,,,,1,,,20;31,,,2,
644,Cardboard,,,,,12;240;253,,15,,,,,5,92,,,73,,,,26;85,3;10;17;51,,,,36,,,,1,,,29,,,2,2
645,Wood,,,,,12;240;250;251;252,,15,,19;59,,,1,22;29;334,,,119,,,,54;55,3;15;30,,,,12,,,,1,,,4;37,,,3,
646,Concrete,67;78,,,,12;240;251;253,,13,,,,,2,29;220;222,,,23;24,,,,47;81,8;52;84,,,,,,,,1,,,2;4,,,2,4
647,Cement,78,,,,12;240;251;253,,13,,43,,,2,29,,,18;70,,,,23;52;81,8;52,,,,,,,,4,,,13;16,,,2,4
648,Brick,126;196,,,,12;240;251;253,,17,,,,,2,29;222,,,18,,,,48;52,8;19;52;84,,7,,,,,,1,,,2;4,,,2,4
649,Ceramic,,10,,,12;240;253,,12,,24,,,2,223;335,,,18,,,,48;52,1;4;9,16,,,,,,,1,,,1;4;27,,,3,
650,Asphalt,,,,,12;240;251;253,,11,,55,,,5,220;221;222,,55;56,24;72,,,,34;35;41,1;8;33,,,,26,,,,1,,,2;4,,,2,4
651,Coal,,11,,,12;240;245;250;252,,11,,40;55,,,5,219;267;334,,66,69,,,,44;76,3;31,,,,7,,,,1,,,4;27,,,2,
652,Charcoal,,11,,,12;240;250;253,,11,,55;56,,,1,47;87;219,,151,69,,,,76,3;30,,,,7,,,,1,,,27;32,,,2,2
653,Petroleum,,10,,,12;240;250;252,,11,,19;21;40;55,,,5,219;267,,21,,,,,53;59,3;31,9,,,25,,,,2,,,22;41,,,4,
654,Gasoline,,12,,,12;240;250;253,,7,,19;20;21;40;55,,,5,219,,40,72,,,,53;76,3;31,,,,25,,,,2,,,22,,,4,
655,Wax,,13,,,12;240;252,,20,,,,,2,123;330,,,,,,,35;48,1;3;33,,,,38,,,,1,,,3;21,,,2,
656,Diamond,,12;16,,,12;240;244;246,,24,,,,9,,26;62;210,,157,69,,,,44;55;82,8;48,1,,,,,,,1;9,,,1;4,,,6,
657,Ruby,,12;16,,,12;240;244;246,,1,,,,,,26;210,,157,122,,,,44;55;82,8;48,2,,,,,,,1;9,,,1;4,,,6,
658,Emerald,,12;16,,,12;240;244;246,,4,,,,,,26;210,,157,122,,,,44;55;82,48,5,,,,,,,1;9,,,1;4,,,6,
659,Pearl,,8;9,,,12;240;244,,12;20,,,,,,26;210,,18;157,,,,,56,,15,2,,,,,,1,,,1;4,,,6,
660,Ice,,12,,,12,,24,,25;31,,,,50;102;338,,,31,,,,16,15;33,,,,,,,,1;9,,5,4;17,,,2,
661,Steam,,13,,,12,,12,,30,,,5,47;101;267,,,114,35,,,5;77,,,,,,,7,,3,,1,,,,,
662,Paint,78;80,10;14,,,12;253,,23,,21;55;56,,,,77;116;130,,43;97,123,,,,34,,,,,24,,,,2,,,9;41,,,3,
663,Ink,39;80;149,,,,12;253,,3;11,,56,,,2,86;87;225,,102,31;69,,,,34,,,,,,,,,2,,,9;42,,,2,
664,Violin,27;143,,,10;18,8;178;179;180,,,,,,,4,228;234,,72;152,1,,162;163;165,,,58;62,,43,2,,,41,,,,,,,70,4,
665,Viola,27;143,,,10;18,8;178;179;180,,,,,,,4,229;234,,72;152,1,,162;163;165,,,58;62,,43,2,,,43,,,,,,,70,4,
666,Cello,27;143,,,18,8;178;179;180,,,,,,,4,231;234,,72;152,1,,162;163;165,,,58;62,,43,3,,,42;94,,,,,,,70,4,
667,Contrabass,25;27,,,15;18,8;178;179;180,,,,,,,4,234;236,,144;152,1,,162;163;165,,,58;62,,43,4,,,42;45,,,,,,,70,4,
668,Guitar,25;26,,,18;29,8;178;179;181,,,,,,,4,235;238,,95;153,1,,162;165;166,,,58;61,,43,3,,,43;115,,,,,,,,3,
669,Banjo,25;26,,,18;29,8;178;179;181,,,,,,,4,235,,153,1;126,,162;165;166,,,58;61,,1,3,,,44,,,,,,,69,3,
670,Ukulele,25;26,,,18,8;178;179;181,,,,,,,5,232;235,,15;49,1,,162;165;166,,,58;61,,43,2,,,44;115,,,,,,,2,2,
671,Harp,25,,,18;20,8;178;179;181,,,,,,,2,234;235,,110;152,1,,134;152;162,,,58,,9,4,,,43;50,,,,,,,70,4,
672,Piano,6;29,,,18;20,8;178;179;186,,,,,,,4,234;236,,37;72,1;3,,134;162;164,,,58;59,,6,4,,,50,,,,,,,,4,
673,Organ,6;29,,,18;20,8;178;182;186,,,,,,,3,234,,72;74,1;12,,134;164;172,2,,59;73,,14,5,,,45;52,,,,,,,,4,
674,Accordion,29;63,,,15;18,8;178;182;186;187,,,,,,,5,235;240,,57;156,1;2,,164;177,,,16;59,,6,3,,,91;92,,,,,,,69,,
675,Harmonica,24,,,6;7,8;178;182;187,,,,,,,5,235;323,,104;153,2;13,,168;257;305,13,,16;76,,7,1,,,91,,,,,,,69,2,
676,Synthesizer,29;31,,,18,8;178;186;194,,,,,,,6,238;240,,73;97,13;65,,159;164;177,2,,59,,10,3,,,26;57,,,,,,,20,,
677,Flute,24;143,,,7;18,8;178;182;183,,,,,,,1,228;234,,72;152,11,,164;167,13,,58;60,,26,2,,,41,,,,,,,70,,
678,Piccolo,24;143,,,7;18,8;178;182;183,,,,,,,4,234;239,,152;154,1,,164;167,13,,58;60,,26,1,,,41;54,,,,,,,70,,
679,Recorder,24;143,,,6;18,8;178;182;183,,,,,,,3,234;241,,49,1;13,,167,13,,58;60,,26,2,,,33;41,,,,,,,2,2,
680,Clarinet,24;143,,,7;18,8;178;182;183;187,,,,,,,4,234;236,,152;153,1,,164;167;168,13,,58;60,,26,2,,,43;91,,,,,,,70,,
681,Oboe,24;143,,,7;18,8;178;182;183;187,,,,,,,4,234,,72;152,1,,164;168;170,13,,58;60,,26,2,,,91;92,,,,,,,70,4,
682,Bassoon,24;143,,,7;18,8;178;182;183;187,,,,,,,4,231;234,,72;152,1,,164;168;196,13,,58;60,,26,3,,,42;91,,,,,,,70,4,
683,Saxophone,24;143,,,7;18,8;178;182;183;187,,,,,,,5,236;323,,144;153,8,,164;167;168,13,,58;60,,18,3,,,91;93,,,,,,,,4,
684,Bagpipe,24;63,,,15;18,8;178;182;187,,,,,,,3,235;239,,155,1;76,,167;168;172,13,,58,,36,3,,,52,,,,,,,,,
685,Whistle,24,,,7;24,8;182,,,,,,,5,140;233,,76;81,2;13,,167;271,13,,76,,40,1,,,33;54,,,,,,,45,2,
686,Trumpet,24;142,,,7;18,8;178;182;184,,,,,,,2,234;236,,152;153,8,,167;169;170,13,,58;60,,22,2,,,44;93,,,,,,,70,,
687,Bugle,24,,,7;24,8;178;182;184,,,,,,,4,233;239,,147;155,7;8,,167;170,13,,58;60,,22,2,,,44;93,,,,,,,,3,
688,Trombone,24;55,,,7;15,8;178;182;184,,,,,,,3,234;236,,152;153,8,,167;170;171,13,,58;60,,11,3,,,45;93,,,,,,,70,,
689,Tuba,24;142,,,7;18,8;178;182;184,,,,,,,5,231;234,,152;154,8,,167;169;170,13,,58;60,,22,4,,,42;93,,,,,,,70,4,
690,Horn,24;142,,,7;18,8;178;182;184,,,,,,,4,229;234,,72;152,8,,167;169;170,13,,58;60,,22,2,,,43;94,,,,,,,70,4,
691,Drum,28;144,,,15;17,8;178;185,,,,,,,1,230;237,,153;154,1;126,,173;174;207,,,58,,4,3,,,47;51,,,,,,,68,3,
692,Tambourine,28;30,,,17,8;178;185,,,,,,,2,230;240,,153;156,1;8,,152;173,,,28;58,,1,2,,,49;51,,,,,,,51,2,
693,Maracas,30,,,17,8;178;185,,,,,,,2,230;240,,153;156,1;129,,116,,,28;58,,3,2,,,36;51,,,,,,,51,2,
694,Cymbal,28;172,,,15;17,8;178;185,,,,,,,2,230;237,,152;153,9,,120;242,,,58,,24,3,,,46;77,,,,,,,68,,
695,Gong,28,,,15,8;178;185,,,,,,,2,166;233,,152,9,,152;207,,,58,,24,3,,,45;46,,,,,,,70,,
696,Bell,28,,,15,8;178;185,,,,,,,2,166;233,,48;74,9,,253;277,,,8;56,,31,4,,,46;89,,,,,,,,,
697,Xylophone,28;35,,,17,8;178;185,,,,,,,2,228;241,,49;152,1,,152;174;175,,,56;58,,10,3,,,44;50,,,,,,,2,,
698,Triangle,28;59,,,17,8;178;185,,,,,,,3,241,,49;152,3,,174;273,,,28;58,,9,2,,,41;87,,,,,,,2,2,
699,Doctor,176;177,,,,14;264;267,,,28,66,,11,,168;304,,50;51,132,,,,,87;88,,,,,23,,,,,,,24,,7,
700,Nurse,178,,,,14;264;267,,,27,66,,6,,118;168;304,,50;51,132,,,,,88,,,,,23,,,,,,,24,,,
701,Surgeon,66;131,,,,14;264;267,,,36;38,66,,11,,304;305,,50,,,,,,87;89,,,,,23,,,,,,,,,7,
702,Dentist,115;177,,,,14;264;267,,,28;36;38,,,2,,277;304,,51,,,,,,87;89,,,,,,61,,,,,,,,7,
703,Veterinarian,177;178,,,,14;264;267,,,28,1;66,,11,,304,,51;52,132,,,,,87,,,,,,,,,,,,,,,
704,Pharmacist,97;113;157,,,,14;264;267,,,28,,,,,187;190,,,132,,,,,87;89,,,,,,,,,,,,,,,
705,Teacher,179,,,,14;264;268,,,,,,,,167;306,,48;49,133,,,,,87;90,,,,,,,,,,,,1,,,
706,Professor,39;179;180,,,,14;264;268,,,,,,10,,167;182;306,,148,133,,,,,87,,,,,,,,,,,,,,,
707,Student,38;39;95;217,,,,14;268,,,,,,,,112;167,,48;148,36;133,,,,,91,,,,,,,,,,,,1,,,
708,Scientist,88;113;195,,,,14;264;269,,,28,,,12,6,182;273,,69;148,,,,,,87;92,,,,,23,,,,,,,,,,
709,Engineer,40;111;158,,,,14;264;270,,,30,,,,6,149;314,,47;65,3;21,,,,,87;89,,,,,23,,,,,,,,,7,
710,Programmer,34;194;222,,,,14;264;270,,,,61,,32,7,257;314,,34;47,,,,,,87,,,,,22,108,,,,,,,,7,
711,Librarian,38;190;223,,,,14;264;268,,,,,,5,,115;183,,70,133,,,,,87;93,,,,,22,,,,,,,,,,
712,Farmer,85;86;181,,,,14;264;271,,,31;37,38,,,2,148;194;196,,24;52,25;79,,,,,94,,,,,,,,,,,,3,,,
713,Shepherd,183;191,,,,14;264;271,,,,,,5,2,196,,6;54,40,,,,,90,,,,,22,33,,,,,,,,,
714,Fisherman,7,,,,14;264,,,37,23;53,,,2,156;250,,12;64,51,,,,,94,,,,,23,,,,,,,3,,,
715,Gardener,44;82;83;84,,,,14;264;271,,,36;37,,,5,,116;195,,42;80,25,,,,,90,,,,,22,,,,,,,,,,
716,Hunter,53;54;232,,,,14,,,37;46,,,,1,205,,1,,,,,,82;90;93,,,,,22,63,,,,,,3,,,
717,Lumberjack,70;116,,,,14;264,,,30;37,8;12,,,,17;206,,1,1,,,,,52;94,,,,,23,102,,,,,,,,,
718,Baker,76;138,,,,14;264;272,,,29;41,14,,,2,46;316,,91,78;109,,,,,,,,,,,,,,,,,2;3,,,
719,Butcher,66;70;97,,,,14;264;272,,,29,12,,,2,187,,84,88,,,,,52,,,,,,,,,,,,,,,
720,Chef,70;75;160,,,,14;264;272,,,29;41,12;14,,,,47;188,,35;87,88;96,,,,,95;96,,,,,23,,,,,,,5,,,
721,Waiter,17;67;140,,,,14;264;273,,,27;29,,,,,95;188,,87;88,,,,,,,,,,,23,,,,,,,5,,8,
722,Carpenter,113;114;116,,,,14;264;274,,,31,12,,,2,22;149,,41;65,1,,,,,96,,,,,,101;102,,,,,,,,,
723,Plumber,117;197,,,,14;264;274,,,31,,,,,213;319,,35;39,7,,,,,96,,,,,22,,,,,,,,,,
724,Electrician,113;197;222,,,,14;264;274,,,31;36,15,,,6,212;319,,34;65,7;52,,,,,96,,,,,22,,,,,,,,,,
725,Mechanic,117;197;222,,,,14;264;274,,,31,8;55,,,6,193;319,,40,3;97,,,,,96;97,,,,,,,,,,,,,,,
726,Builder,111;118;196,,,,14;264;274,,,30;37,17,,,2,29;149,,65,21;22,,,,,52,,,,,23,101,,,,,,,,,
727,Blacksmith,114;136;137,,,,14;264;274,,,29,14,,,2;3,214;313,,41,3;4,,,,,52;96,,,,,22,48;101,,,,,,,,,
728,Tailor,66;113;131,,,,14;264;274,,,,13,,,2,216,,158,38;39,,,,,89;96,,,,,22,,,,,,,,,,
729,Miner,44;115,,,,14;264,,,30;37,20;34;36,,,,204,,21;66,27;71,,,,,52;97,,,,,23,,,,,,,,,,
730,Pilot,5;8;108,,,,14;264;275,,,27;42,16,,,6,141;159;315,,29;63,,,,,,87;96,,,,,23,,,,,,,,,7,
731,Driver,4;5,,,,14;264;275,,,,16,,,6,141;161,,55,,,,,,,,,,,22,,,,,,,,,,
732,Sailor,7;48;108,,,,14;264;275,,,27,23;53,,,2,157;160;250,,12;64;108,51,,,,,,,,,,23,,,,,,,,,,
733,Astronaut,107;195,,,,14;264;269,,,30;47,36,,3,6,155;158;182,,30;141,,,,,,87;98,,,,,23,,,,,,,,,,
734,Soldier,54;191,,,,14;264;276,,,27;30;37;46,11;68,,2,2,150;174,,94;147,,,,,,82;98,,,,,23,63;105,,,,,,,,,
735,Policeman,184;191,,,,14;264;277,,,27;42,68,,17,6,128;307,,57,,,,,,82;88;98,,,,,23,33;56,,,,,,24,,,
736,Firefighter,17;45;185,,,,14;264;277,,,27;30;37,14;34;55,,17,,145;146;147,,107,31,,,,,52;98,,,,,23,56,,,,,,24,,,
737,Lifeguard,36;102;185,,,,14;264;277,,,,23;35,,17,,130;147,,15;81,,,,,,52,,,,,,33,,,,,,7,,,
738,Judge,37,,,,14;264;278,,,32,,,10;30,2,175;308,,105,,,,,,87;99,,,,,22,,,,,,,,,7,
739,Lawyer,38;39,,,,14;264;278,,,33,,,,,192;308,,47;105,36,,,,,87,,,,,,,,,,,,,,7,
740,Priest,94;186,,,,14;264;279,,,32,,,19,2,166;309,,74,,,,,,87;88;100,,,,,22,113,,,,,,20,,,
741,Monk,94;217;224,,,,14;279,,,32,,,5,2;3,166,,145,133,,,,,93;100;101;103,,,,,,113;120,,,,,,,,,
742,Nun,94;179;224,,,,14;279,,,32,,,5,2;3,166;306,,145,,,,,,93;100;101;104,,,,,,113,,,,,,,,,
743,King,187;188,,,,14;266,,,32;43,,,3;30,2;3,310,,106;146,10,,,,,99;102;103,,,,,,,,,,,,,,,
744,Queen,187;188,,,,14;266,,,32;43,,,3;30,2;3,310,,106;146,10,,,,,99;102;104,,,,,,,,,,,,,,,
745,Prince,,,,,14;266,,,43,,,9,2;3,,,106;146,10,,,,,91;102;103,,,,,,,,,,,,,,,
746,Princess,,,,,14;266,,,43,,,9,2;3,,,106;146,10,,,,,91;102;104,,,,,,,,,,,,,,,
747,Knight,3;192;193,,,,14;276,,,30;35,11,,,3,150;256,,94;146,3,,,,,82;98;103,,,,,,48,,,,,,,,,
748,Pirate,7;192;225,,,,14;280,,,,23;68,,2,,320,,12;108,10,,,,,82;105,,,,,23,,,,,,,,,,
749,Thief,173;225;226,,,,14;280,,,38,,,2,,320,,57,,,,,,93;105,,,,,22,,,,,,,2,,,
750,Painter,40;78;112,,,,14;264;281,,,44,,,,,77;311,,97,45;56,,,,,95,,,,,22,,,,,,,,,,
751,Sculptor,114,,,,14;264;281,,,44,57,,,2,65;215;311,,97,18;19,,,,,95;96,,,,,22,,,,,,,,,,
752,Musician,101;141;189,,,,14;264;265;281,,,,58,,4,,170;177;232,,72;73,,,,,,95;96,,,,,23,95,,,,,,5,,,
753,Singer,189;224,,,,14;264;265;281,,,,,,4,,170;177;228,,72;73,,,,,,95;106,,,,,,95;103,,,,,,5,,,
754,Actor,164;189,,,,14;264;265;281,,,34;45,,,,2,170;177;312,,71;73,,,,,,95;106,,,,,23,39;98,,,,,,5,,,
755,Dancer,56;145;189,,,,14;264;265;281,,,34,64,,4;15,,170;177;184,,71;73,,,,,,52;95,,,,,23,95;98,,,,,,5,,,
756,Clown,18;19;189,,,,14;264;265,,,34;45,,,2;4;31,,170,,93,,,,,,,,,,,,18;104,,,,,,,,,
757,Magician,189;226,,,,14;264;265,,,33,,,23;29,,170;177,,73;93,,,,,,96,,,,,22,98,,,,,,5,,,
758,Writer,34;39,,,,14;264;281,,,,,,,,86;170;321,,34;47,36;55,,,,,87;95,,,,,22,,,,,,,,,,
759,Poet,39;164,,,,14;281,,,,,,9;13,2,86;321,,34,36;55,,,,,95;101,,,,,22,,,,,,,,,,
760,Journalist,39,,,,14;264;282,,,,,,,6,86;258;263,,47;57,36,,,,,87;92,,,,,,,,,,,,,,,
761,Photographer,91;151,,,,14;264;281;282,,,,,,,6,262;311,,97,,,,,,95,,,,,22,,,,,,,,,,
762,Athlete,56;173;233,,,,14;264,,,,38;64,,7,2,140;170;184,,75;78,,,,,,52;91;106,,,,,,97,,,,,,,,,
763,Barber,66;198;213,,,,14;264;273,,,29,,,,2,62;275;278,,160,,,,,,96,,,,,22,26;83,,,,,,,,,
764,Postman,87;190,,,,14;264;273,,,27;42,1,,,,161;258,,57;115,36,,,,,,,,,,22,,,,,,,4,,,
765,Cashier,97;150;157,,,,14;264;273,,,27,71,,,6,187;191,,84;85,134,,,,,,,,,,,57,,,,,,,,8,
766,Shopkeeper,97;125;157,,,,14;264;273,,,29,71,,,2,169;187,,84,134,,,,,,,,,,22,,,,,,,,,,
767,Banker,157;158;223,,,,14;264;273,,,33,71,,,,173;191,,47;114,134,,,,,87;102,,,,,,,,,,,,,,7,
768,Cleaner,41;42;43,,,,14;264;273,,,31;36,25;43,,,,78;79;80,,47;48,31,,,,,,,,,,22,,,,,,,2;5,,8,
769,Salmon,,,46,,1;2;17;60;62;63,,14,9,,2;31,,,16,2;5,9;13,,6;8,21;33,,,,,37,3,,6,,,,,,,,,,
770,Trout,,2,,,1;2;17;60;62,,15,9,,2;20,,,16,2,9,,8,21;33,,,,,37,2,,1,,,,,,,,,,
771,Tuna,,,,,1;2;17;29;60;63,,3,9,,2;22,,,16,2;5,13,,8,21;33;294,,,,,37,4,,6,,5,,,,,,,,
772,Swordfish,,,,,1;2;17;29;60;63,,3,6,,2;22,,,16,2;5,13,,8,21;33;78,,,,,37,4,,1,,5,,,,,,,,
773,Mackerel,,1,,,1;2;17;60;63,,3,9,,2;31,,,,2;5,13,,8,21;33;294,,,,,37,2,,6,,,,,,,,,,
774,Herring,,,,,1;2;17;60;63,,14,9,,6;18,,,,2;5,13,,8,21;33;294,,,,11,37,2,,6,,,,,,,,,,
775,Sardine,,,,,1;2;17;60;63,,14,9,,6;18,,,,2,14,,8,21;33;294,,,,10,37,2,,6,,,,,,,,,,
776,Cod,,4,47,,1;2;17;29;60;63,,13,9,,2;31,,,,2,18,,8,21;33;51,,,,11,,3,,6,,,,,,,,,,
777,Flounder,,20,48,,1;2;17;60;63,,15,9,,2;21,,,,2,18,,8,21;33,,,,,10,2,,1,,,,,,,,,,
778,Carp,,,47,,1;2;17;62,,15,9,,3;30,,,16,2,11,,8,21;33;51,,,,,,3,,6,,,,,,,,,,
779,Goldfish,,,,,1;2;17;25;26;62,,8,9,,3;29,,,20,2,92,,8,21;33,,,,,,2,,13,,,,,,,,,,
780,Catfish,,,47,,1;2;17;60;62,,13,6,,3;21,,,,2,9,,8,21;33;51,,,,,,3,,1,,,,,,,10,,,
781,Pike,,5,2,,1;2;17;29;62,,4,9,1,2;22,,,16,2,10,,8,14;21;33,,,,,11,3,,1,,,,,,,,,,
782,Piranha,,,,,1;2;17;29;62,,14,9,1,2;22,,,,2,9,,8,14;21;33,,,,5,,2,,6,,,,,,,,,,
783,Eel,,,55,,1;2;17;60;62,,15,13,,2;21,,,,2;5,9,,8;16,21;33,,,,,11,2,,1,,,,,,,10,,,
784,Shark,,,,,1;2;17;29;63,,13,6,11,2;22,,,,1,13,,8,14;21;33;45,,,,,37,4,,1,,,,,,,,,,
785,Ray,,20,48,,1;2;17;63,,13,6,3,2;23,,,,1,18,,8;11,21;33;37,,,,,10,3,,1,,,,,,,,,,
786,Seahorse,,20,19,,1;2;17;63,,6,,,2;18,,,,2;10,16,,8;23,12;21;62,,,,,18,1,,2,,1,,,,,,,,
787,Clownfish,,3,,,1;2;17;26;63,,8;12,9,,3;17,,,20,2,16;92,,8,21;33,,,,,,1,,2,,,,,,,,,,
788,Pufferfish,,2,49,,1;2;17;60;63,,15,6,5,3;23,,,318,2,16,,8,21;33;67,,,,,1,2,,1,,,,,,,,,,
789,Anglerfish,,15,2,,1;2;17;29;63,,11,6,,2;22,,,,2,17,,8;23,14;21;33;79,,,,,1,2,,1,,,,,,,,,,
790,Octopus,,20,19;20,,1;2;23;24;29;55;60,,15,6,,2,,,,2,18,,8;15,46;68;69,,,,,,3,,1,,,,,,,10,,,
791,Squid,,13,20,,1;2;23;24;29;55;60,,12,6,,2;31,,,,2,13,,8,34;46;69,,,,,37,2,,6,,,,,,,10,,,
792,Jellyfish,,13,23,,1;2;24,,24,,3,2;18,,,,7,13,,23,34;300,,,,,31,2,,8,,,,,,,,,,
793,Starfish,,,34,,1;2;24;29,,8,6,,2;23,,,,7,18,,15,46;301,,,,,27,2,,1,,1,,,,,,,,
794,Urchin,,,4,,1;2;24;60,,9,10,13,1;17,,,318,7,32,,15,46;67,,,,,2,2,,,,1,,,,,,,,
795,Crab,,,51,,1;2;22;24;54;60,,15,11,18;29,3;17,,,,2;6,32,,15;21,35;71;302,,,,,16,2,,1,,,,,,,,,,
796,Lobster,,,55,,1;2;22;24;54;60,,1,11,18;29,3;23,,,318,2;6,18,,15,35;36;302,,,,,11,2,,1,,,,,,,10,,,
797,Crayfish,,,55,,1;2;22;24;54;60,,15,11,18;29,3;30,,,,2;6,9,,15,35;36;302,,,,,11,2,,1,,,,,,,10,,,
798,Shrimp,,13,,,1;2;22;24;54;60,,13,11,29,3;18,,,,2;6,18,,8,36;302,,,,,18,1,,6,,,,,,,,,,
799,Krill,,13,23,,1;2;22;24,,10,11,,6;17,,,,2;6,13,,8,36;302,,,,7,,1,,8,,,,,,,,,,
800,Oyster,,,50,,1;2;23;24;54;60,,13,10,70,6;18,,,318,7,18,,26,33;73,,,,,36,2,,7,,,,,,,,,,
801,Mussel,,,,,1;2;23;24;54;60,,11,10,70,6;18,,,,7,32,,26,33;64;73,,,,,3,2,,7,,,,,,,,,,
802,Clam,,,48,,1;2;23;24;54;60,,12,10,70,6;18,,,,7,18,,17,33;70;73,,,,,1,2,,7,,,,,,,,,,
803,Scallop,,,,,1;2;23;24;54;60,,10,10,,6;18,,,318,7,18,,8,33;73;298,,,,,,2,,7,,,,,,,,,,
804,Coral,,19,52,,1;2;24,,10,,12,6;18,,,203,7,16,,26,34;300,,,,,35,,,7,,,,,,,,,,
805,Football,18;20,,,20,8;188;189,,11;12,,,,7,,140;185;242,,75;76,14;44,27;30,267,,,24,,2,2,,17,,,,,,,,67;76,,
806,Basketball,18;22;54,,,17,8;188;189,,8,,,,7,,140;185;243,,77;78,14;44,27;30,267,,,24,,2,2,,17,,,,,,,,67,,
807,Volleyball,21;56;140,,,15;17,8;188;189,,12,,,,7,,140;185;245,,15;77,44,27;30,267,,,24,,2,2,,17,,,,,,,,67,,
808,Baseball,18;19;21,,,17,8;188;189,,12,,47,,7,,140;185;244,,75;76,44;49,27;30,,,,,4,2,2,,17,,,,,,4,,67,,
809,Racket,21;60;140,,,15;17,8;188,,,,38,,7,,246;247,,77,42;54,,116;152;162,,,28;51,,3;11,3,,18,,,,,,,,67,,
810,Shuttlecock,21;140,,,,8;188,,12,,,,7,,247,,42;77,47;49,10,,,,51,,5,2,,18,,,,,,,,67,,
811,Puck,21;54,,,,8;188,,11,,47,,7,,248,,83,14,28,,,,,,10;24,2,,17,,,,,,4,9,67;76,,
812,Ski,57;61;231,,,20,8;188,,,,17;63,,24,,140;199,,6;82,3;53,28,119;120,,,35,,11;17,4,,19,,,,,,,9,21,,
813,Snowboard,55;56;57,,,20,8;188,,,,17;63,,24,,140;153,,6;82,1;53,28,120,,,36,,10;11,4,,19,,,,,,,9,21;63,,
814,Skateboard,3;56;57,,,20,8;188,,,,17;63,,24,,140;153,,80;113,1;13,27,124;143,,,78;80,,10;11,3,,19,,,,,,,,63;77,,
815,Surfboard,3;57;124,,,20,8;188,,,,23;77,,24,,140;153,,13;15,46;53,11;22,21;143,,,,,10;11,4,,19,,,,,,,7,21,,
816,Skate,51;57;202,,,20,8;154;188,,,,12;17,,24,,248;338,,10;83,3;44,11;28,117;192,,,35,,,2,,,,,,,,,9,77,,
817,Kite,8;59;173,,,,8;190,11,23,,,,4;16,,153;185;339,,15;80,42;48;136,10;12,1;152;219,,,51,16,10,3,,,,,,,,,,2,,
818,Frisbee,18;19,,,,8;188;190,,,,,,8,,153;185;251,,15;80,13,10;29,207,,,51,,10;24,2,,,,,,,,,7,2;63,,
819,Dart,18;53,,,,8;188,,,,13;72,,32,,251,,89;144,3;13,10,119;122;220,,,,,12;20,2,,18,,,,,,,,67,,
820,Bow,53;54;65,,,15;17,8;188;193,,,,11,,32,1,150;205;249,,1;94,1;136,,218;219,,,,,11;18,3,,,,,,,,,,31;50,,
821,Arrow,53;54,,,,8;188;193,,,,11;13,,,1,150;205;249,,1;94,1;3;47,10,119;122;220,,,,,11;12;20,3,,,,4,,,,,,31;50,,
822,Sword,60;192;193,9,,15;17,8;193,,,,11;12,,,2,150;256,,94;165,3,,116;117;119,,,,,11;19;20,3,,,,,,,,,,49;75,,
823,Dumbbell,118;170,,,15;17,8;188,,,,38,,27,,69;184,,34;78,4;14,,218,,,28;35,,40,2,,19,,,,,,,,21;65,,
824,Trampoline,22;56;139,,,19,8;188;192,,,,17;62;64,,4;8,,184;185,,42;78,3;42,30,152;157;217,,,27,,1;10,4,,,,,,,,44,,2,,
825,Swing,10;60;64,,,,8;192,,,,17;62,,4;8,,185,,42;79;80,1;3,18,128;135;152,,,27,,,4,,,,,,,,,,2,,
826,Slide,45;55,,,,8;192,,,,17;62,,4;8,,185,,42;79;80,3;13,28,232,,,27,,11;47,4,,,,,,,,1;17,,2,,
827,Seesaw,10;57;64,,,,8;192,,,,17;62,,4;8,,185,,42;79;80,1;3,42;50,116;129,,,27;85,,11,4,,18,,,,,,,,2,,
828,Doll,17;175,,,,8;190,,,,,,1;4,,185;254;340,,38;96;166,13;38,,109;148,,,,,,2,,,,,,,,,,2,,
829,Teddy,17;63;175,,,,8;190,,15,,,,1;6,,185;255;340,,38;96;166,38;39,,3;109,,,23,,,2,,,,,,,,3;6,16,2;3,,
830,Puppet,65;189,,,,8;190,,,,,,4;31,,170;185;254,,71;166,1;38,46,109;219,,,,,,2,,,,,,,,,,2,,
831,Yoyo,18;19,,,18,8;190,,,,,,8,,185,,104;166,1;13,29,219,,,28;76,,1;24,2,,19,,,,,,,,2,,
832,Rattle,30;72;171,,,,8;190,,,,22,,4;31,,185;255,,96;166,13,,116,,,23;28,,,2,,,,,,,,,,3,,
833,Balloon,24;48;58,,,,8;148;190,,23,,22,,4;34,,53;116;185,,109;111,68;74,22;35,219;274,,,24;51,,1,2,,,,,,,,20;31,15,2,,
834,Puzzle,163;190,,,,8;190;191,,,,,,5;32,,56;185;253,,37;101,37,,310,,,,,7;10,2,,19,,,,,,,,2;6,,
835,Chessboard,101;163;233,21,,,8;191,,11;12,,,,32,3,252;253,,101;144,1,,310,,,,17,8;10,2,,18,,,,,,,,6;67,,
836,Dice,18;23;30,2,,,8;191,,12,,,,7;28,2,185;252,,101,13,27,,,,76;108,,6,1,,25,,,,,,,,2;67,,
837,Hammer,60,,,,8;121;122;130,,,,,,,,,,103,1;3,,109;116;123,1,,,,55,2,,,63,,,,,,,11,,2
838,Mallet,60,,,,8;121;122;130,,,,,,,,,,41,1,,109;116,1,,,,55,2,,,69,,,,,,,11,,2
839,Axe,60,,,,8;121;122;124,,,,12,,,,64,,43,1;3,,109;116;117,1,,,,,3,,,123,,,,,,,41,,2
840,Hatchet,60,,,,8;121;122;124,,,,12,,,,64,,95,1;3,,109;116;117,1,,,,,2,,,123,,,,,,,37,,2
841,Pickaxe,60,,,,8;121;122;131,,,,57,,,,66;204,,66;67,1;3,,109;116;119,1,,,,20;55,3,,,48,,,,,,,42,,2
842,Saw,64;65,,,,8;121;122;124,,,,12,,,,63,,103,1;3,,116;117;118,1,,,,10,2,,,102,,,,,,,11,,2
843,Chainsaw,59,,,,8;121;123;124,,,,12,,,,63;206,,1,3;13,,116;126;135,4,,,,,3,,,8,,,,,,,41,,3
844,Chisel,64,,,,8;121;122;124,,,,12,,,,65,,41,1;3,,116;117,1,,,,11,2,,,81,,,,,,,11,,2
845,Screwdriver,62,,,,8;121;122,,,,,,,,,,103,3;13,,116;119;122,1,,,,11,2,,,,,,,,,,46,,2
846,Wrench,61,,,,8;121;122,,,,,,,,,,40,3,,76;116,1,,,,11,2,,,,,,,,,,12,,2
847,Pliers,63,,,,8;121;122,,,,18,,,,61,,103,3,,76;116;158,1,,,,,2,,,,,,,,,,28,,2
848,Drill,142,,,,8;121;123,,,,57,,,,,,41,3;13,,116;127,3,,,,,2,,,61,,,,,,,13,,2
849,Crowbar,65,,,,8;121;122,,,,,,,,,,65,3,,122;123,1,,,,11,2,,,48,,,,,,,13,,2
850,Nail,114,,,,8;128,,,,13,,,,73,,103,3,,109;119,,,,,12;20,1,,,,,,,,,,11,,1
851,Screw,62,,,,8;128,,,,13,,,,73,,103,3,,109;119;270,,,,,12;20,1,,,,,,,,,,11,,1
852,Bolt,117,,,,8;128,,,,,,,,73;74,,40,3,,109;270,,,,,4,1,,,,,,,,,,12,,1
853,Rope,48;65,,,,8;121,,,,,,,,71;72,,43;108,42;75,,275,,,,,11;22,3,,,,,,,,2;30,,24,,2
854,Chain,15;65,,,,8;121,,,,,,,,69;71;128,,40;64,3,,272,,,11,,11,3,,,36,,,,,4,,,,3
855,Ruler,113,,,,8;121;127;133,,,,,,,,76;87,,49;102,1;13,,120;269,,,,,10;19,2,,,,,,,,,,18,,1
856,Sandpaper,221,,,,8;121,,,,,,,,,,41,23;36,,,1,,22,,10,2,,,82,,,,,2;12,,11,,1
857,Paintbrush,80;112,,,,8;121,,,,,,,,77,,97,1;125,,116;121,1,,,,11,2,,,86,,,,,,,25;40,,1
858,Ladder,45,,,,8;121,,,,17,,,,72,,40;65,1;6,,233;246,,,17,,14;17,4,,,,,,,,,,25,,3
859,Vise,61;117,,,,8;121,,,,18,,,,84;85,,,3;4,,76;116;270,1,,27,,,2,,,,,,,,,,11,,3
860,Clamp,117,,,,8;121;122,,,,18,,,,84;85,,103,3,,76;116;270,1,,18,,18,2,,,,,,,,,,11,,2
861,Anvil,114;137,,,,8;121,,,,,,,2,313,,41,4,,208,,,8,,39,3,,,46;48,,,,,,,,,4
862,Wheelbarrow,64;119,,,,8;121;125,,,,,,,,71,,42;65,3;14,,116;125;148,1,,,,,3,,,15,,,,,,,13;14,,3
863,Shovel,44;69,,,,8;121;131,,,,38,,,,66;96,,43;65,1;3,,116;122;147,1,,,,11,3,,,82,,,,,,,13,,2
864,Spade,44;220,,,,8;121;125;131,,,,38,,,,66,,42;43,1;3,,116;117;122,1,,,,11,3,,,,,,,,,,14,,2
865,Trowel,44;82,,,,8;121;125;131,,,,,,,,66,,42,1;3,,116;147,1,,,,20,2,,,,,,,,,,14,,2
866,Rake,65,,,,8;121;125,,,,,,,,,,42;43,1;3,,116;118,1,,,,11,3,,,71,,,,,,8,14,,2
867,Hoe,70,,,,8;121;125;126,,,,,,,2,,,43,1;3,,116;117,1,,,,11,3,,,,,,,,,,14;15,,2
868,Pitchfork,18;118,,,,8;121;126,,,,13,,,,69,,,1;3,,116;210,1,,,,11,3,,,,,,,,,,15,,2
869,Shears,63;84,,,,8;121;124;125,,,,12,,,,62,,42;43,1;3,,116;158;214,1,,,,,2,,,83,,,,,,,14,,2
870,Scissors,63;66,,,,8;121;124;133,,,,12,,,,62,,102;133,3;13,,116;158;214,1,,,,,2,,,83,,,,,,,26;44,,2
871,Lawnmower,64,,,,8;125;200,,,,12;57,,,,67,,43;112,3;13,,116;124;126;214,4,,,,,3,,,8,,,,,,7,46,,3
872,Hose,53;83,,,,8;121;125,,,,26,,,,82,,42;161,14,,215,,,,,22;26,3,,,7,,,,,30,,14,,2
873,Sickle,60;182,,,,8;121;124;126,,,,12,,,2,68,,24,1;3,,116;117,1,,,,29,2,,,86,,,,,,,15,,2
874,Scythe,60;182,,,,8;121;124;126,,,,12,,,2,67;68,,23;24,1;3,,116;117,1,,,,11;18,3,,,86,,,,,,,15,,2
875,Plow,121,,,,8;121;126,,,,,,,2,148,,24;52,3,,117;152,11,,40,,,4,,,,,,,,,,15,,4
876,Oak,,,,,1;3;64;66,3,4,14,,,,,17;22,9;12,1,,,80;81;82;91,,,,,,5,,,,,,,,2,,,,
877,Beech,,,,,1;3;64;66,3,4,14,,,,,17;18,12,1,,,80;81;82,,,,,,5,,,,,,,,1,,,,
878,Maple,,,,,1;3;64;66,3,1;4,14,,,,,17,12,1,,,80;81;82;96,,,,4,,5,,,,,,,,2,8,,,
879,Birch,,,,,1;3;64;66,4,4;12,14,,,,,18,12;19,1,,,80;81;82;97,,,,,38,5,,,,,,,,28,,,,
880,Willow,,,,,1;3;64;66,3,4,14,,,,,19;23,12;19,120,,,80;81;82;97,,,,,,5,,,,,,,,2,,,,
881,Pine,,,,,1;3;64;65,4,5,14,,,,,17;21,11;16,1,,,80;81;83;84,,,,,5,5,11,,,,,,,2,,,,
882,Spruce,,,,,1;3;64;65,4,5,14,,,,,17;116,11;16,1,,,80;81;83;84,,,,,5,5,11,,,,,,,2,15,,,
883,Fir,,,,,1;3;64;65,4,5,14,,,,,17;116,11;16,6,,,80;81;83;84,,,,,5,5,11,,,,,,,1,15,,,
884,Cedar,,,,,1;3;64;65,2,5,14,,,,,17;22,9;11;16,6,,,80;81;83;84,,,,,5,5,12,,,,,,,2,,,,
885,Redwood,,,,,1;3;64;65,3,5;17,14,,,3,,17;203,9;11;16,1,,,80;81;83;84,,,,4,14,6,,,,,,,,37,,,,
886,Palm,,,,,1;3;64,1,4,,,,5,,19;28,11,15,,,80;92;95,,,,,14,5,,,,,,,,40,,,,
887,Eucalyptus,,,,,1;3;64;66,2,4,14,19,,,,21;23,11;19,1,,,80;81;82,,,,6,14,5,9,,,,,,,28,,,,
888,Bamboo,,,,,1;3;69,1,4,,,,,,22;29,11;19,1,,,82;88,,,,2,14;34,5,,,,,,,,1,,,,
889,Rose,,,,,1;3;67;68;74,3,1,,13,,9,,24;26,14,42,,,82;87;88;89,,,,,,2,2;4,,,,,,,,7,,,
890,Tulip,,,,,1;3;67;74,3,1;6,,,,4,,20,14;18,42,,,82;87;88;94,,,,25,31,2,,,,,,,,21,6,,,
891,Daffodil,,,,,1;3;67;74,3,6,,5,,22,,20,14;18,42,,,82;87;88;94,,,,,,2,2,,,,,,,1,6,,,
892,Lily,,,,,1;3;67;74,3,12,,5,,15,,26,14;18,42,,,87;88;94,,,,,27,2,,,,,,,,21,7,,,
893,Orchid,,,,,1;3;67;75,1,9,,,,15,,20;26,14;20,7;130,,,82;85;87;88,,,,,,2,,,,,,,,46,,,,
894,Sunflower,,,,,1;3;67;77,8,6,,,,4,,28;36,13;34,24,,,82;87;88;90,,,,,14;24,4,,,,,,,,2,7,,,
895,Daisy,,,,,1;3;67;73,3,6;12,,,,4,,,14;31,23;112,,,82;87;88,,,,,1,1,,,,,,,,46,7,,,
896,Dandelion,,,,,1;3;67;73;76,3,6,,,,,,30,14;31;42,112;128,,,82;87;88;90,,,,,1,1,,,,,,,,6,6,,,
897,Poppy,,,,,1;3;67;73,3,1,,,,18,,23;46,13;31;42,24,,,87;88;90,,,,,32,2,,,,,,,,46,7,,,
898,Violet,,,,,1;3;67;73,3,9,,,,,,24;34,14;33;45,2,,,82;87;88,,,,,,1,2,,,,,,,46,6,,,
899,Lavender,,,,,1;3;68;74;78,2,9,,,,5,,24;56,14;35,24;42,,,82;86;88,,,,10,,2,4;10,,,,,,,,7,,,
900,Lotus,,,,,1;3;67;72,2,10,,,,19,,20;166,14;29,11,,,82;87;90;113,,,,2,32,2,2,,,,,,,21,7,,,
901,Cactus,,,,,1;3;71,6,4,,13,,,,20,20;35;36,5;130,,,67;86;88,,,,14,4,3,,,,,,,,14;40,,,,
902,Aloe,,,,,1;3;71;75,6,4,,,,,,23;255,35;36,5;130,,,67;82;96,,,,1,20,2,,,,,,,,1,,,,
903,Fern,,,,,1;3,7,4,,,,,1,20,14;17;33,1,,,85;95,,,,,,2,,,,,,,,46,,,,
904,Moss,,,,,1;3,7,4,,25,,,1,,17;33;45,1;118,,,,,,,,10,1,6;23,,,,,,,3;10;24,,,,
905,Ivy,,,,,1;3;70,3,5,,5,,,,20,11;21,98,,,82;88;93,,,,,,3,,,,,,,,19,15,,,
906,Holly,,,,,1;3;68,3,1;5,,5;13,,34,,116,11,26,,,81;82;93,,,,,,3,,,,,,,,14,15,,,
907,Mistletoe,,,,,1;3;31;68,3,4;12,,5,,9,,116,11;22,116,,,82;88;93,,,,,1,2,,,,,,,,19,15,,,
908,Grass,,,,,1;3;69,3,4,,29,,,,25;202,14;19;45,23;54;112,,,82;85;90,,,,,12,2,13,,,,,,,3,7,,,
909,Reed,,,,,1;3;69;72,3,4;18,,,,,,27;221,14;29,120;121,,,82;88;113,,,,,14;34,4,,,,,,,,37,,,,
910,Clover,,,,,1;3;73,3,4;12,,,,28,,25;227,14;45,54;112,,,82;86,,,,,,1,2,,,,,,,3,7,,,
911,Nettle,,,,,1;3;76,3,4,,3;46,,,,27;38;43,14;31;43,26;128,,,82;88,,,,,50,3,,,,,,,,,6,,,
912,Thistle,,,,,1;3;73;76,3,4;9,,13,,,,,15;31;42,54;128,,,67;82;86;88,,,,19,,3,,,,,,,,14,7,,,
913,Seaweed,,,,,1;3;72,,4;15,,25,,,,45;227,19;29,12;15;32,,,88;95,,,,15,10;11,3,22,,,,,,,20,,,,
914,Vine,,,,,1;3;70;77,2,4,14,,,,,19;41,12;21,127,,,82;92,,,,10,45,3,,,,,,,,2,8,,,
915,Carrot,,,,,5;7;89;90,,8,17,,,,,30;38,25,,,,112,,1;5,,,5,2,,,,,,1;14,,26,,,,
916,Parsnip,,,,,5;7;89;90,,20,17,,,,,38,25,,,,112,,5;6,,,5,2,,,,,,1;14,,5,9,,,
917,Radish,,,,,5;7;89;90,,1,17,,,,,30;34,19;25,,,,112,,1;20,,,1,1,,,,,,16,,26,6,,,
918,Turnip,,,,,5;7;89;90,,9;12,17,,,,,25;38,25,,,,112,,5;22,,,1,2,,,,,,3;14,,5,9,,,
919,Beet,,,,,5;7;89;90,,2,17,,,,,30;38,25,,,,112,,5;14,,,1,2,,,,,,1;14,,5,,,,
920,Potato,,,,,5;7;89;97;106,,15,17,,,,,39,25,,,,111,,3;5;22,,,3,2,,,,,,9;17,,5,,,,
921,Yam,,,,,5;7;89;97;106,2,8,17,,,,,39,25,,,,111,,2;22,,,3,2,,,,,,1;17,,5,8,,,
922,Onion,,,,,5;7;89;92,,12;15,15,43,,,,35;38,25,,,,94;105,,3;21,,,1,2,19,,,,,22,,26,,,,
923,Garlic,,,,,5;7;89;92,,12,15,,,,,35;42,25,,,,94;104,,21;78,,,1,2,,,,,,22,,5,,,,
924,Leek,,,,,5;7;89;92,,4;12,,,,,,38,,,,,82;88;105,,5;67,,,11,2,19,,,,,9,,5,9,,,
925,Lettuce,,,,,5;7;89;91,,4,,,,,,30;57,44,,,,82;109,,1;71,,,1,2,,,,,,9,,25,,,,
926,Spinach,,,,,5;7;89;91,,5,,,,,,30;39,,,,,82,,1;8,,,,2,,,,,,9;14,,36,6,,,
927,Kale,,,,,5;7;89;91;95,,5,,,,,,38;39,,,,,82,,8;67,,,,2,,,,,,3;14,,45,9,,,
928,Cabbage,,,,,5;7;89;91;95,,4,,,,,,30;38,44,,,,82;109,,5;15;71,,,1,2,30,,,,,9;16,,26,9,,,
929,Broccoli,,,,,5;7;89;95,,4,,,,,,39,44,,,,88;106,,5;8,,,35,2,,,,,,3;9,,5,,,,
930,Cauliflower,,,,,5;7;89;95,,12,,,,,,39,44,,,,88;106,,5;6;8,,,1,2,,,,,,9,,5,,,,
931,Celery,,,,,5;7;89,,,,,,,,30;35;38,,,,,82;304,,1;21,,,11,2,,,,,,4;9,,26,,,,
932,Asparagus,,,,,5;7;89,,4,,,,,,39,14,,,,,,7;8,,,11;12,2,,,,,,3;14,,36,6,,4,
933,Tomato,,,,,5;7;80;89,2,1,17,,,,,30;37;38,24,,,,90,,1;20;29,,,1,2,,,,,,1;8,,34,7,,,
934,Pepper,,,,,5;7;89,2,1;4,17,,,,,30,26,,,,88;90,,1;6;30,,,31;34,2,,,,,,1;9,,26,7,,,
935,Chili,,,,,5;7;79;89,1,1,17,43,,,,37;42,26,,,,88;90,,13;21;23,,,11;20,1,8,,,,,6,,5,,,,
936,Eggplant,,,,,5;7;89,2,9,17,,,,,,26,,,,88;90,,3;6;7,,,3,2,,,,,,3;9,,24,7,,,
937,Cucumber,,,,,5;7;89;94,2,4,17,,,,,30,24,,,,90,,1;14;20,,,4;11,2,5,,,,,9;18,,26,7,,,
938,Zucchini,,,,,5;7;89;94,2,4,17,,,,,39,26,,,,90,,3;7;20,,,4;11,2,,,,,,9,,5,7,,,
939,Pumpkin,,,,,5;7;89;94,3,8,16,,,,,32;38;116,24,,,,88;90,,6;22;54,,,1,3,,,,,,1;14,,5,8;15,,,
940,Squash,,,,,5;7;89;94,3,8;19,16,,,,,38;39,24,,,,90,,6;22,,,30,2,,,,,,1;12,,5,8,,,
941,Pea,,,,,5;7;89;93,,4,19,,,,,38;39,24;41,,,,,,5;16;27,,,1,1,,,,,,1,,36,6,,,
942,Bean,,,,,5;7;89;93,2,15,19,,,,,38;39,24;41,,,,,,5;13;29,,,51,1,,,,,,9;14,,5,,,,
943,Lentil,,,,,5;7;89;93,,15,19,,,,,38,26;41,,,,,,5;13,,,24,1,,,,,,9;14,,5,,,,
944,Chickpea,,,,,5;7;89;93,2,19,19,,,,,30;59,26;41,,,,,,5;13;22,,,1,1,,,,,,9;12,,5,,,,
945,Soybean,,,,,5;7;77;89;93,2,7,19,29,,,,25;28;37,26;41,,,,,,5;15;26,,,3,1,,,,,,9,,5,,,,
946,Corn,,,,,5;7;77;89;96;106,2,6,18,,,,,25;39,27,,,,107,,5;7;40,,,4,2,,,,,,1;17,,34,7,,,
947,Wheat,,,,,5;7;77;96;106,3,21,18,29,,,,40;46,13;27,,,,101;114;115,,43;60;72,,,3,1,,,,,,9;17,,4,7,,,
948,Rye,,,,,5;7;77;96,4,13,18,29,,,,25;40,13;27,,,,101;114;115,,43;60;72,,,3,1,,,,,,14,,4,7,,,
949,Barley,,,,,5;7;77;96,3,21,18,29,,,,25;38;49,13;27,,,,64;101;114;115,,72,,,3,1,,,,,,9;12,,4,7,,,
950,Oat,,,,,5;7;77;96,3,19,18,,,,,25;46,13;27,,,,101;115,,5;41;72,,,3,1,,,,,,9;10,,4,7;12,,,
951,Rice,,,,,5;7;77;96;106,1,12,18,,,,,39,13;27;29,,,,101;115,,5;8;72,,,3,1,,,,,,9;17,,4,8,,,
952,Basil,,,,,5;7;78,2,4,,,,,,34;37;42,13;34,,,,82,,1;21,,,,1,10,,,,,16;27,,36,7,,,
953,Parsley,,,,,5;7;78,3,4,,,,,,30;34;42,15,,,,82;304,,1;21,,,,1,5,,,,,9;27,,36,,,,
954,Mint,,,,,5;7;78,3,4,,,,,,34;35;43,14;43,,,,82,,1;21;37,,,,1,9,,,,,18;26,,36,7,,,
955,Rosemary,,,,,5;7;78,2,4,,,,,,42,11;14;35,,,,83;88,,13;21,,,,1,11,,,,,22;27,,45,,,,
956,Thyme,,,,,5;7;78,2,4,,,,,,38;42,11;14;35;45,,,,82;88,,13;21,,,,1,10,,,,,14;27,,,,,,
957,Cinnamon,,,,,5;7;79,1,15,,,,,,35;46,11;22,,,,,,13;23;41,,,57,2,2,,,,,1;6,,8;27,9;15,,,
958,Vanilla,,,,,5;7;79,1,15,19,,,,,24;35;46,24;41,,,,90,,12;13;59,,,11;12,2,2;17,,,,,1;11,,19,,,4,
959,Saffron,,,,,5;7;79,6,1,,,,,,35;224,18,,,,,,13;37;56,,,12,1,4,,,,,3;28,,8;46,8,,5,
960,Ginger,,,,,5;7;79,1,7;19,17,,,,,23;42;43,25,,,,113,,20;23;24,,,35;36,2,5;18,,,,,6,,37,,,,
961,Mushroom,,,,,4;5;7;89,7,12;15,,5,,,,37;38;58,17;19;33,,,,33;88;108,,3;20;67,,,54,1,6,,,,,5;14,,1;24,8,,,
962,Car,4,,,,8;164;165;166,,,,16,,,5,143,,55,3,27,124;126;132,4,,,,,4,,24,18,4,,,,,,22,4,5
963,Van,4,,,,8;164;165;166,,,,16,,,6,161,,55,3,27,124;126;132,5,,,,6,4,,,18,4,,,,,,22,4,5
964,Truck,4,,,,8;164;165;166,,,,16,,,6,142,,55;56,3,27,124;126;132,5,,,,6,5,,,18,4,,,,,,22,4,5
965,Bus,4;9,,,,8;164;165;166;172,,,,16,,,6,144,,55,3,27,124;126;132,5,,,,6,5,,16,18,3,,,,,,22,,5
966,Taxi,3;98,,,,8;164;165;166;172,,,,16,,,5,141,,55;58,3,27,124;126;132,4,,,,,4,,16,18,4,,,,,,22,,5
967,Ambulance,4,,,,8;164;165;166;173,,,,16,,,6,145,,50;55,3,27,124;126;146,5,,,,6,4,,,56,4,,,,,,,,5
968,Firetruck,4,,,,8;164;165;166;173,,,,16,,,6,145;146,,55;107,3,27,124;126;146,5,,,,6,5,,,56,4,,,,,,,,5
969,Tractor,4;121,,,,8;164;165;166,,,,,,,6,148,,24;52,3,27,124;126;132,5,,,,,4,,,,2,,,,,,15,,5
970,Bulldozer,4;64,,,,8;164;165;166;174,,,,8,,,6,149,,65,3,15,117;126;144,5,,79,,,5,,,55,2,,,,,,13,,5
971,Excavator,4;44,,,,8;164;165;166;174,,,,8,,,6,66;149,,65;67,3,15,126;144;254,5,,79,,,5,,,55,2,,,,,,13,,5
972,Forklift,4;118,,,,8;164;165;166,,,,8,,,6,69;70,,68;142,3,27,124;142,3,,,,40,4,,,57,2,,,,,,60,,5
973,Tank,4;54,,,,8;164;165;166;175,,,,11,,,6,150;256,,94,3,15,126;144;255,5,,79;81,,39,5,,17,55,3,,,,,,75,,5
974,Motorcycle,3,,,,8;164;165;166,,,,16,,,6,143;153,,55;56,3,27,124;126;133,4,,42,,,3,,19,8,5,,,,,,48,,4
975,Scooter,3,,,,8;164;165;166,,,,16,,,6,143;152,,57;58,3;13,27,124;126;133,4,,42,,,3,,19,26,3,,,,,,35,3,4
976,Bicycle,3;6,,,,8;164;165;171;176,,,,17,,,5,143;184,,55;80,3;14,27,124;133;134,8,,42,,,3,,19,60,3,,,,,,32,3,3
977,Tricycle,3;6,,,,8;164;165;171;176;190,,,,,,,,185,,80;113,3;13,27,124;133;134,8,,42;85,,,2,,19,60,2,,,,,,2,3,2
978,Wheelchair,10;64,,,,8;164;165;176,,,,,,,6,329,,50;113,3,27,124;128;150,1,,17,,,3,,14,15,2,,,,,,17,,3
979,Stroller,64,,,,8;164;165,,,,,,,,,,80;113,6;38,27,116;124;128,1,,17,,,3,,,15,2,,,,,,3,3,3
980,Cart,65;119,,,,8;164;165;177,,,,,,,2,71;148,,52;86,1,27,124;136,11,,42,,,4,,,84,2,,,,,,15,2,4
981,Wagon,3;119,,,,8;164;165;177,,,,,,,4,71;151,,143;163,1;45,27,124;128;136,11,,,,,4,,24,84,2,,,,,,15,,4
982,Carriage,3;9,,,,8;164;165;177,,,,,,,4,141;203,,57;106,1;44,27,124;129;130,11,,41,,,4,,,64,3,,,,,,34,4,4
983,Sled,65;203,,,,8;164;190,,,,16,,,,162;185,,127;162,1;13,28,248;253,12,,80,,10,2,,,86,4,,,,,,2,2,2
984,Sleigh,3,,,,8;164;177,,,,,,,4,141;162,,61;162,1,11;28,129;242;248,11,,42,,18,4,,,49,3,,,,,,34,,4
985,Caravan,106;121,,,,8;164;165;209,,,,,,,6,163;172,,55;95,6,27,124;131,,,40,,6,4,,24,,3,,,,,,37,,5
986,Train,3;9,,,,8;164;165;169;172,,,,54,,,5,142;144,,62,3,27,124;126;145,2;5,,41,,11,6,,16,33,4,,,,,,34,,5
987,Tram,3;9,,,,8;164;165;169;172,,,,54,,,5,144,,57;58,3,27,124;127;129,2,,41,,11,5,,16,87,3,,,,,,34,,5
988,Subway,3;9,,,,8;164;165;169;172,,,,,,,5,144;152,,21,3,27,124;127;145,2,,41,,11,5,,16;20,55,4,,,,,,34,,5
989,Airplane,8;9,,,,8;164;167,,,,16,,,6,141;159,,29;63,6,10,23;138;139,10,,43,,37,6,,16,8,5,,,,,,23,4,5
990,Jet,8;200,,,,8;164;167;175,,,,16,,,6,150;174,,29,6,10,23;138;139,10,,82,,37,5,,,8,5,,,,,,23,4,5
991,Helicopter,8;200,,,,8;164;167,,,,16,,,6,147;159,,29;122,6,10;13,139;247,10,,,,,4,,,123,4,,,,,,23,4,5
992,Glider,8;121,,,,8;164;167,,,,16,,,5,140;153,,29,53,11;12,139;292,6;12,,51;80,,37,4,,19,62,3,,,,,,23,,4
993,Drone,8;33,,,,8;167;194,,,,16,,,7,153;262,,29;80,13,10;13,127;137;181,3,,20;71,,,2,,,26,4,,,,,,39,3,2
994,Rocket,122,,,,8;164;170,,,,20,,,6,155;158,,30,3;6,10,,14,,43,,14,6,,,8,5,,,,,,,4,5
995,Boat,5,,,,8;164;168,,,,23,,,2,153;156,,9;10,1,22;50,128;140,1,,42,,,4,,,65,2,,,,,,30,3,4
996,Canoe,124,,,,8;164;168;176,,,,23,,,2,153,,9;10,1,22,128;140;251,1,,42,,11,4,,,65,2,,,,,,37,,3
997,Kayak,124,,,,8;164;168;176,,,,23,,,2,153,,9,13,22,139;140;251,1,,41,,11,3,,,65,3,,,,,,,,3
998,Raft,124,,,,8;164;168,,,,23,,,1,153;179,,9,51;119,22;23,252,1,,42;80,,10,4,,,65,2,,,,,,,,4
999,Sailboat,5;7,,,,8;164;168,,,,23,,,2,154;250,,12;64,45;53,42,140;141;142,6,,,,,4,,,84,3,,,,,,24,4,4
1000,Yacht,7;123,,,,8;164;168,,,,53,,,6,151;153,,14;64,53,22,140;143,5,,83,,37,5,,21,38,3,,,,,,,5,5
1001,Ship,7;123,,,,8;164;168,,,,53,,,2,157;160,,13;64,3,22,140;143,5,,83,,11,6,,17,90,2,,,,,,24,,5
1002,Ferry,3;9,,,,8;164;168;172,,,,53,,,6,141;179,,64,3,22,140;143;250,5,,83,,16,5,,16,90,2,,,,,,34,,5
1003,Submarine,108;109,,,,8;164;168;175,,,,36,,,6,150;155,,13;17,3,9;49,137;140;249,5;15,,41;43,,4,6,,17,80,3,,,,,,24,4,5
1004,Rain,208,12,77,,11;232;233,9;13,,,25;32,,5;26,,200;201,,29,116,31,,,,,,,1,,,75;76,,2,,3,9,,,,
1005,Drizzle,208,12,77,,11;232;233,9;13,,,25,,26,,,,29,116,31,,,,,,,1,,,53,2,2,,3,9,,,,
1006,Snow,203;211,,62;93,,11;232;233,4;10,12,,25;51,,4;5,,185;199,,29,115,31,,,,,,,1,,,53;70,2,1,,5,3;6,9,,,
1007,Hail,208,,62;75,,11;232;233,12,12,,10;47,,2,,,,29,29,31,,,,,,1,1,,,64,4,1,,5,4,,,,
1008,Frost,,16,62;83;94,,11;232,4;14,12,,10;25,,,,,,117,115,,,,,,,,,,,,,1,,5,27,4;9,,,
1009,Dew,,12;16,83;95,,11;232,14,,,,,5,,,,117,116,,,,,,,,1,,,,,2,,3,9,3;4,,,
1010,Fog,,14,73,,11;232,7,12;13,,33;54,,26;29,,,,28,116,23,,,,,,,,,,53,,,,3,9,4;8,,,
1011,Mist,,13,73,,11;232,7,12,,,,5;29,,,,28,116,23,,,,,,,,,,53,,,,3,9,3;4,,,
1012,Cloud,206,,72;84,,11;232,13,12;13,,,,5,,,,29,115;116,22;23,,,,,,36,6,,,,2,,,,6,,,,
1013,Wind,,12,96;97,,11;232;235,11,,,,,16,,207;250;339,,29,33,33,,,,,,,,,,2;71,4,,,3,,,,,
1014,Breeze,,12,,,11;232;235,11;15,,,,,5;16,,250;339,,29,33,33,,,,,,,,,,71,2,,,3,3,,,,
1015,Storm,208,17,74;84,,11;232;234,12,13,,32;39,,2,,,,29,33;116,33,,,,,,,6,,,2;55,4,,,,,,,,
1016,Thunderstorm,208,17,65;84;98,,11;232;234,12,13,,32;39;48,,2;3,,,,29,116;117,,,,,,,,6,,,55;116,,,,,,7,,,
1017,Tornado,208;209,,74;78,,11;232;234;238,12,13,,11;39;57,,2,,,,29,33,29;34,,,,,4,5;14,5,,,8,5,,,,,,,,
1018,Hurricane,208;209,,74;78,,11;232;234;238,1;12,13,,11;32;39,,2,,,,13;29,33;116,29;34,,,,,,1,7,,,2;8,5,,,,,,,,
1019,Blizzard,208;211,,73;80;97,,11;232;234,10;12,12,,31;33;76,,2,,,,29,33;115,33,,,,,,,6,,,2,4,,,5,,9,,,
1020,Thunder,,,98,,11;232,12,,,,,2;3,,,,29,,36,,,,,,,,,,47;55;116,,,,,,7,,,
1021,Lightning,208,18;24,65;75,,11;232;237,12,12,,11;19;48,,2;3,,,,29,117,,,,,,,21;50,,,,72;116,5,7,,1,,7;17,,,
1022,Rainbow,90;91,19,,,11;232;237,8;9,23,,,,3;22;23,,,,29,116;118,,,,,,,41,6,,,,,,,,,17,,,
1023,Aurora,91;206,15;19,31;85,,11;237,5;14,4;9,,,,3;23,,,,29;125,118,46,,,,,8,,7,,,,,,,,,2;9,,,
1024,Sunrise,36;91,15;19,68;85,,11;237;239,,8;10,,,,3;22,,,,29;126,,,,,,,,,,,,17,,,,3,,3;4;18,,,
1025,Sunset,36;91,15;19,85;99,,11;237;239,,1;8,,,,3;5;9,,,,29;126,,,,,,,,,,,,,,,,,,5;18,,,
1026,Eclipse,36;88,17,72;84,,11;237,,,,37,,3;23,,,,29,,,,,,,,1;23,,,,,,,,,,1;17,,,
1027,Sun,110,15;18,64;68;99;100,,10;236,,6,,35;37;49,,3;4,,208;209;332,,29;30,67;68,,,,,,,2,7,,,,,7,,1,,1;25,,,
1028,Star,88;207;234,16;18,64;71;100,,10;236,,12,,,,3;23,,178,,29;30,67;68,,,,,,,2,7,,,,,7,,1,,2,,,
1029,Moon,88;207,18,68;69;70;86;99,,10;236,,12;13,,,,3;9;23,,208,,29;30,27;35,37,237,,,,,2,7,,,,,1,,4,,2;23,,,
1030,Planet,88;207,,70;87,,10;236,,,,,,3;23,,155,,29;30,27;34,37;44,,,,,,2,7,,,,,,,,,2;25,,,
1031,Comet,88;207,15;18,70;95,,10;236,,,,,,3;23,,,,29;30,29;35,37,1,,,,,11,6,,,,5,,,,,2,,,
1032,Meteor,207;234,15;18,67,,10;236;237,,,,,,3;23,,,,29;125,4;27,31,1,,,,,,2,,,,5,,,1,,2;17,,,
1033,Sky,8;206;207,,,,10,,3,,,,3;5;16,,159;328,,,33;34,,,,,,,25,7,,,,,,,,,1;2,,,
1034,Flood,209,23,78;79;93,,11;238,9,15,,11;23;39,,2;18,,,,28;120,26;31,35;51,,,,,,,,,,8;119,4,2,,,9,,,,
1035,Drought,,,81;94;96,,11;238,6;8,,,19;50;75,,2;14,,,,25,,,,,,,,,,,,,,,,1,8,7,,,
1036,Earthquake,208;209,,78;81,,11;238,,,,11;34;39,,2,,,,21;58,,36,,,,,,,,,,55;77,4,,,,,17,,,
1037,Avalanche,185;209,,79;80,,11;238,10,12,,11;36;39;51,,2,,,,6;82,29;30,28;31,,,,,,,,,,8;55,5,,,5,,9;17,,,
1038,Fire,135;210,15;18;24,67;78;82,,11,,1;6;8,,11;14;39,,2;6,1,47;208;209,,,,35;51,,,,,,,,7,,8;72,,,,1,,,,,
1039,Smoke,89,14,73;84,,11,,11;13,,36;43;55,,14,,50;233,,29;138,34;69,23;34;35,,,,,,,,7,,,,3,,,,,,,
