ID,Word,Action,Animal,BodyPart,Clothing,Color,Emotion,Location,Material,Plant,Profession,Shape,Size,Smell,Sound,Taste,Texture,Time,Tool,Vehicle,Weather
1,Apple,,,40;38;2;9;28;37;26,47;33;27;36;13;40,,11;4;19,24;48;2;5;30,25;7;9;11;24;44,30;32;19;45;4;29;1;25;12;31,23;12;47;35;5;34,18;8;3;24;6,42;36;23;35;16;20;32,,5;35;46;16;15;14;12;30;28;50,,13;43;33;41,,50;24;7;12;9;5;43,,42;25;49;26;28
2,House,46;37;39;42,42;11;31;9;26,,34;21;45;14;28,9;17;29,,21;43;24;31;17;23;47;45;35,,4;27;21;19;16;30,,10;39;33;44,32;48;3;16;26;34;41;27,27;31;45;41;3;10;40;29;37,,,,,,,
3,Car,,28;38;39;10,18;38;35;45;49;33;12,37;6;24,,,,,,,,25;15;50;1;44;16;22;38;21,,,,42;10;19;38;48;9;34,5;14;36;50;20;40;39,,24;39;9;21;41;16,
4,Tree,,,3;28;46;34,,21;45;1;28;29;8;22;16;4;46,11;24;29;23;10,10;4;25;9;40,,,,,23;25;47,37;18;24;7;17;31,42;11;36;22;32;39,31;49;34;10;11;30,37;44;25;36;1;11,16;47;30;9,,36;20;6;3;1,
5,Dog,,4;1;25;44;24;48;31;2;3,,10;8;33;32;23;12;17;45;46;34,,,38;6;50;3;7;43;34;20;21;13,37;39;8;21;49;19;48;16;40,,,31;9;33;30;19;13;35,,,,3;1;17;29;42;28;46;49,,25;13;2;28;30;10,31;50;28;5;23;26;20,7;35;8;29;39;45;33;17;13,
6,Cat,,49;35;29,1;49;28,38;11;48;26;5;41;21;45;19;30,39;10;5;7;37;12;1;40,44;7;45,,44;16;41;34;19;18;30;23;50;10,28;7;25,38;46;13;11;24;25;43,37;27;23;29;46;15,43;20;22;18;36,12;40;23;48;5;17,5;35;46;10;15,32;20;11;2;43;42;37,39;14;29;15;2;40;49;13;12,42;40;3;33,30;1;10;12;15,38;19;29;31;20;46;40;18;16;11,23;39;42;28;4;34;2;19
7,Book,12;41;19;20;29;47;5;31;9,,,45;38;30;26;35;46;3;44,39;44;36;41,8;40;47;16;46;17;26;22;38,,,19;50;35;25,,36;40;11;17;12;22,,13;3;33;44;32,30;27;48;19;22;47;12;24;4;46,,15;4;48;32;25;43,44;23;39;43,6;46;37;16;4;15;35;47;20,50;47;12;3;24;30;1;42;13,29;20;30;19;27;42;4;28
8,Computer,,43;11;44;13;28,30;13;23,20;4;15;44;36;42;40;19,13;33;47;8;18;17;35;19;48;3,1;16;45;22;2;32;31,,7;49;14,,,49;20;15;13;11;22;43;9,,13;5;23;6,,,36;8;19;28;39;11;12;23;50,,,26;47;20;27;40;22;8,48;2;1;34;14
9,Phone,5;25;39;32;8;30;33;14;36;28,50;41;21;22;42;40,46;21;25;40;29;28;45;35;11;38,,7;26;40;21,,36;10;46;43;23;3,,27;28;6;30;24;22;12;1,,1;32;2;3,43;22;47;13;8;3;6,45;16;40;4;8,,12;34;41;39,46;32;16;43;50;5,34;27;16,,16;11;8,12;43;15;2;34;31
10,Chair,3;49;41;26;18;8;33;43,13;10;17;23;15,21;31;38;26;14;50;45,6;44;9,33;26;36;15;27;2;45;48;35,41;21;32;18;17,,,45;2;46,44;41;47,6;19;10;31;41;2;27;47;46;7,,,33;44;34;36;7;30;12,,2;45;26;13;8,28;8;29;41;50;12;17;37;1,2;26;30;25;9;20;11;50;8;23,37;13;43;23;31;45;39;50;32;17,
11,Table,,24;32;37;44;33,24;4;3,28;18;35;47;49;38;48;5;25,,,42;1;5;32;13;4;7;38;45;26,,,29;22;26;24;27;1;31;40;35,11;36;49;23;7;30,,3;29;4;48;9;43;33;8;5;26,28;17;10,25;35;18;34;21,17;23;22;50;7;6,,39;1;3;11;30;8;21,,24;7;49;26;48;30;3;13;41
12,Spoon,26;15;42;16;38;6,,,37;13;29;36;26;2;48;8;33,,,1;33;32;41;11,45;14;46;25;50;34,,28;34;41;45;44,,21;22;2,40;43;13,14;39;30;41;21;12;49;40,24;21;15;36;25,14;36;2;32;6;33;44;50,46;37;48;2;38,,47;7;9;17;46;19;6;40,
13,Fork,34;23;18;49;24;31,49;36;45,9;45;49;30;31;32;3;4;6;29,17;33;40;36;32,,14;20;27;8,,,,,,43;14;33;48;21,11;50;9;29;46;17;30;19;20,30;36;41,45;11;5;33,,40;34;12;3;20;21;35;2;13,3;28;37;34;42;16,26;50;46;37;4;15;41,47;13;4;3;10
14,Knife,45;39;30;4;47;6,22;39;23;1;31,,,10;42;30;48;2;25;36,5;49;22;13;38,,7;22;49;24;50;20;8;31;16;3,,17;28;49;36;10;41;31;9;19;27,,8;35;37;38;27;25;47;26;12,6;7;48;23;24;18;36,47;31;29;22;35;38;32;49;36;43,12;16;48;7;31,36;3;21;5;16;17,25;10;5;20;2;28,42;28;48;5;8;14,34;25;5;11,35;6;19;46
15,Plate,,15;45;22;47;39;27;14,34;21;19;36;46;35;5;31;4;20,,19;17;5;49;7;15;4;24;20,,36;28;19;40;11;6;20;48;42,17;18;16;4;29;3;49;46,,49;34;24;26;27;12;15;38,,15;33;16;4;36;37;13;42,15;8;16;23;12;38;48;47;42;18,21;3;26;14;23;29;17;2,11;50;43;28;26;23,21;17;25;4;43;24;28,,,15;24;20;14;45,8;42;26;1
16,Cup,15;11;44;37;26;32,,,,,11;32;24;44,7;6;25;33;45,,1;5;46;37,38;17;4;1,13;29;33;39;37,,,,,,48;3;40,33;6;28;22;11;42;48;35;18,,35;48;7;19;41;21;10
17,Bottle,,39;10;32;44;25;43;33;27;2,,48;28;9;8,30;22;5;48;12;28;9;29;6,19;42;33;44;22;35;15;36;21,,,10;23;27;38,48;28;15;23,22;50;44;45;46;8;37;18,37;50;43;46;28,10;7;2;6;50;43;26;25,45;48;8;28;9;31;3;38;32;35,11;46;33;35,22;18;24;27;44;7;45;31,13;20;33;25;12;19;45;43,7;14;28;46,,
18,Pen,46;7;50;42;45;38;6;13,,21;34;27;12;18,9;3;27;16;43,,,,29;3;27;47;9;40;18;48;2,,,16;21;38;12;9,48;14;38;28,,,,4;21;43;2;11;40;49;26,6;31;45;34;48;15,19;27;17;12;2;8,,15;25;10
19,Pencil,,6;19;38;41;36;37,,49;50;12;6,47;17;5;16;12;35;40;44;39;8,43;9;33;50;17;16;11;40;28;29,14;43;32;24;34,,,47;15;24;50,,35;9;47;44;21;26,,37;28;8;21;10;23;29,11;2;49;47;10,32;8;30;24;42;37;13;21;18;6,29;20;40;14;23;48;22;32;49,26;20;17;42;13;22;3;23,8;17;2,1;13;34;35;24;36
20,Paper,26;49;50;40;15,29;4;36;42;39,45;26;17,,,43;11;34;33;30,16;49;34,16;29;45,,5;13;21;15;20,,,9;28;4;39;37;2;36;47,,6;16;24,29;17;7;36;42;40;13,48;35;5,,13;31;41;26;9;10;46;29;33;15,
21,Bag,,18;50;48;44;31;8;24,,4;7;29;13;17;14;24;27;32;16,33;15;4;10;25;31,,2;39;36;41;43;18,36;33;22;27;49,6;4;26;49;10,,,,6;49;40;19,,,8;3;18;31,,42;17;29;49;39;32;28;36;35,48;33;3;37;25;50,10;22;44;29
22,Shoe,,13;46;27;44,7;12;43;44;6;3;27;24,6;38;41;27;19;44,33;21;12;4;25;13;42,1;47;16;43;29;22;23,,28;39;30;19;25;49;3;15;8,30;15;2;3;38,,3;23;10;40;31;19,,,48;7;34;49;25;47,,28;16;24;29;26,24;15;16;47;36;39;7;33,,47;7;38;27;41;39;23;32;30;5,44;17;28
23,Shirt,45;49;39;50;38;12,31;47;27;38;14,33;26;21;48;46;28;16;11;15;1,11;38;17;8;29,12;42;41;43;23;7;47;36,27;48;30;42;6,2;5;47;35,24;22;15;45,22;37;36;26;33;10;17;29;43,9;4;47;24;48;10;5;50,,14;37;42,,,1;30;32;13;46;45;34;27,,,,45;18;33;30;35;12;2,
24,Pants,43;34;7;27;45;21;48;30;16,,17;18;37;45;30;19;31;7;48,38;7;48;22;43,42;3;30;19;4;35;22;1,16;12;5;30;26;28;31;25,,,,1;24;27;12;42;30;13;47;11,46;27;13;21;26;37;22;50;36,43;1;9;39;29;14;24;13,27;17;44;2;47;11,17;11;44;42;45,,30;45;50;29;44;16;4;6,11;38;39,2;27;18;5;3,,
25,Hat,,32;29;28;39;21;9;38,47;19;45;7;41;12;17;26,15;45;1;10;50;35;23;41,,49;21;14;17;8;10,19;45;12,17;21;47;32;20;36,8;19;25;40;11,27;31;9;8;33;12;43;14,,,48;19;17,24;17;27,9;50;11;23;19,,38;6;50;43,,37;8;45;13;23;31;46;29;35;2,
26,Door,49;28;21;43;42,,,,41;11;10;13;30;26;39,49;23;30;35;15,,,41;36;29;39;10;13;26;33,2;3;29;27,,,,,26;28;43;25;23;13;45;14,50;15;35;2;25,,37;40;5;8;22,,11;9;20;14;21;17;6;36
27,Window,,,39;48;37;46;29;18,,35;29;23;37,2;26;32;14;31;42;38;40,,11;9;7;50;41;27;21;12;8;16,40;34;14;26;33;4;17,21;14;41;23;4,22;41;7;2;6;30;9,10;45;47;2;46;1;21;48;11,34;15;49;4,,36;29;1,15;26;42;12;33;43;32;8;29,,47;48;31;9,35;7;43;20;18;19;14;10,47;15;29;35
28,Wall,50;1;22;45;25;26,,,11;23;30;19;9;49;1;35;47,,13;19;16;32;6,43;33;47;20;21;26;27;18;25,,,39;4;30,3;35;6;21;20;25;4,7;39;31;16;2;17;35,44;31;6;19;30;20,,,48;3;44;36;41;20;19;11;7,39;11;28,17;49;7;18;6;47;8,34;19;11;48;2;7,
29,Floor,47;2;32;25;41;40,,,,,40;43;7;22;13,,38;23;17;42;1,,28;8;37,6;26;14;8;18;38;29;1;47,33;34;32;15;11;37;7;17;5;3,,44;37;13;23,10;50;36;26;33;35;3;41;8;22,41;30;2,44;14;5;35;18;40;50;4;25;9,14;13;28;17;49;25;4;32,,
30,Ceiling,,,47;10;20;22;31,14;48;41;16;31;28,31;46;12;48;42;38;5;1;39;33,36;11;37,,,,38;17;31;33;16,49;45;38;28;26;31;1,48;43;2;46;21;34;12;47;42;38,24;25;44,,,,,43;21;32;44;27;11;2;23;38;5,6;10;2;46;23;8,47;27;45;41
31,Light,,,7;5;31;27;18;37;12;39,10;29;37;6;47;36,27;22;29,,16;31;43;21;9;17;48;50,32;43;20;16,41;3;19;2;48;35,,24;39;10;15;21;41;34;43,40;17;29;4;45,,,16;37;30;8;24;46,,30;15;41,,42;27;41;4;39;16;32,19;6;11;32;8;13;18;5;4;43
32,Fan,,,15;20;14;8;40;4;37,4;12;20;32;8;36;6;43,,,,,,,43;24;49;7;41;27;25;5;44;37,,,,,,,10;30;38;36;9;20;37;27;26;15,46;24;13,44;30;2;9;26
33,Heater,26;2;29;50;10;39;1,50;12;33;16;5;2;26;28;45;38,,40;45;16;23;28;34;3;1;31,29;30;31;35;37,,22;12;8,15;47;6;2;38,46;9;29,,,,17;11;34;29,19;49;33,,39;22;31;10;4;27;14,,48;1;15;24;10;27;46,,38;33;20;23;50
34,Cooler,,,,37;8;49;1;22;40;21;38;13;5,34;38;44;9;50,,28;6;43;19;29;33;40,50;28;7;40;21;1;45;9;26,,,25;6;48;28;9;35,18;8;30,,8;39;48;11;9;19;12;46;28;4,36;46;1,37;50;21;10;43,,41;33;14,38;49;39;6,
35,Radio,,,21;11;27;39;6;25;29,10;38;15;46;20,27;34;32;33;23;19;9;6;35;41,48;40;33;18;49;43;41,,,4;11;2;43;15;7;12,47;21;19;33;38;25;41;11,,,28;25;39;22,47;34;1;22,,,14;34;5;19,,41;42;31;27;47;49;39;7;36;45,28;33;1;38;13;34;20;9;47;50
36,TV,27;21;45;32;24,36;8;31;21;40,19;25;41;8;44;36;48,,,16;21;25;17;45,1;4;10;8;19;13,,,19;31;22;26;35;27;34;30;20,9;27;40;29;11;37,37;33;35;30;16;39;13;2;50,46;12;38;5;15;6;49;44;16;13,11;27;45;47;9;29,34;31;8;4;27,,31;8;43;32;9;13;14;42;18,23;43;3,,9;5;30;13;21
37,Remote,41;20;43;28;8;48;26;15,48;43;50;5;23,49;39;24;1;9;18;46;7,,8;36;37;39,13;18;41;45;20;35;17;16;15,13;40;46;44,8;6;47;38;16;28;21;44;2,12;18;1,10;49;39;29;41,,23;25;35;11,20;17;10;13;33;44,,14;8;48;29;30;3;41;26;44;16,41;37;21;23;1;48,,44;47;31;5,,23;10;41;3;34;20;1;25
38,Key,23;28;13;12;14;25,,17;30;11,,43;14;49;4;6;40;24,,,33;4;32;5;16;38;29;23;44;21,44;3;12;37;13;46;9;50;47,44;38;15;32;37;3;41;9;2;8,50;46;44;7;8;48;32,22;10;7;24,,38;1;20;24;39;45;9,11;7;31;39;40,,38;42;29;3,41;45;2;48;39;8;13;35;29;9,42;28;10,8;30;26;5
39,Lock,,,32;5;28;45;16;49;18;17;23,39;6;1;5;27,15;7;13;29;16;49,1;32;5;39,,22;37;50;44;28;25;38;6;10;43,22;5;12;28;34;10;8;33,,4;24;37;1,48;17;9;19;39;27,10;49;1;47;22;43;44;40;15;21,37;26;44;19;35;15;42;29,24;15;45;38;31;14;29;3;46,,46;13;31;15;48;14;39,22;14;27;29;32,6;13;25;15;1;24;37;21;18,
40,Wallet,,,27;39;44;26;28,42;26;18;33;50;27,42;11;48,49;39;14;27;8,,31;21;14;16;25;50,22;31;36;34;26;43;46,38;45;48;32;39;30,2;22;4,,48;9;2;20;23,,7;18;15;25;10;32;20;31;50,30;49;4;46,8;43;2;44;28;36;42;15;41,43;36;22,30;23;34;25;36;37;28;21;35,6;24;50;28;47;45
41,Money,13;7;43,6;47;40;29,31;8;14;29;2;25;42;7;50;16,,1;24;44;31;34;9;8;33,49;7;9;44;34;33;47,,45;36;22;41;3,21;11;16;3;37;44;42;27;12;34,33;40;1;9;12;30;15;29;50,44;29;40;32;28;27,48;8;37,34;43;18;49;35,33;7;37;50;25;26;5;20;18;9,11;26;13;35;46;24;49;23,7;20;45,25;45;33;44;20;34;28;21;42;39,24;27;48;18;49;33;20;12;10;17,11;45;22;48;29,12;21;49;44;41;18;7
42,Card,,,44;40;34;19;31;6;27,32;8;18;9;23;39;48;6;16;14,29;22;26;41,49;20;50;34;26;43,30;45;18;17,19;7;30;49;34;37,12;50;18;42;49;26;30,13;31;39,,,2;4;18;15;48;14;20,,12;13;41;7;8;27;22,3;8;24,,,,22;13;37;11;15;14;46;23
43,Train,18;44;35,23;30;38;40;22;35;12;8;44,48;27;41,,27;48;33;40,37;15;16;45;18;13;24;26;38,22;48;39;23;26;14;11;25,42;27;1;31;15;7;46;32,18;46;3;6;23;12;19;4,,26;9;28;34;18;10;37;4,45;7;19;6;42,27;36;11;43;14;31,,45;47;22;38;9;35,,,23;47;1;15,47;27;43;22;46;40;38,
44,Bus,15;34;8;7,29;28;14;32;38;41;30;18;15,8;22;26;16;31;38,,1;29;13,6;31;7;36,22;9;42,4;23;44;21;14;16;26;11;36;47,48;39;24,,9;15;46;44;49;39;7,45;16;2,12;36;20;5;33;30;6,34;24;11;31;33;4;35,30;36;37;33;48;24,,17;13;43;36;42,,16;32;36,30;41;9;35
45,Bike,,,31;30;26;17;41;22;45;49,31;6;13;35;16;15;36;22;12,43;37;18;45;7,,,47;43;25;6;39,21;8;19;48;30;39,,26;22;18;50;43,26;13;12;46,2;20;1,3;45;30;17;24,29;47;20;45;13;25;1;16,47;9;10,7;49;11;20;25;10;18;27,24;45;10;49;35;40;36;11,,
46,Plane,21;29;11;15,35;36;13,,30;44;49;18;40,3;41;16,,31;37;24;17;49;27;20,43;15;4;27;13;39;36;32,39;14;3;22;42;19;16,7;42;39;35;17;18;22,,,44;17;40;36,,26;15;7;27,,,36;23;33;4;47;8,12;28;13;11;22;9;26;41;16;30,29;12;17;26
47,Boat,11;47;34;48;5;2,,,,47;23;8;13;34;50;32;1;18;45,16;12;35;6;34;14;5;30;26;32,43;14;37;20,14;29;13;33;4,,,36;6;34,13;8;27;50;15;10;32;34,,,32;26;40;15;44;29;37;31;50;25,,21;19;49;50;11;46;9;6;3,49;42;29;40,2;18;9;50;45;14,
48,Road,9;36;12,,,,23;22;10;27;19;39;46;15;18;44,,20;49;22;41;2;47;21;36;15,,,,,1;14;6;30;12;28;2;9;5;50,30;41;35;1,,26;11;37,40;4;26;47;32;31,24;35;19;39;40;4;16,1;11;28;6;43;41;17;13;37;9,35;18;37;8;9;27;17,47;16;7;38;27;31;10;42;45;44
49,Bridge,18;28;34;35,,32;45;38;20;39,31;5;17;3;30;41,,25;45;21;3;48,41;16;33;1;39;29;30;34;44,46;20;23;42;19;40;16,14;44;50;22,33;32;43;26;39;35;22;47,46;24;49;27;22,33;25;24;20,,7;50;20;27;45;18,23;36;1;7;38;17;4,,21;32;7,34;26;39,22;44;21;16;48;9;30;28;39,31;39;27;46;40;49;5
50,City,,3;17;1;10;11;18,32;46;38;7;18,41;32;29;33;23;36;39;3,46;2;13;18,19;21;17;42,,,8;27;13;16,1;20;35;43;4;42;17;29,,8;50;30;23;5,35;32;29;8;10;44,11;18;49;45,,,33;21;8;30;40;4;34;15;49;45,12;9;2;47;6,3;50;36;48;33,9;1;8;49;19
51,Sun,39;37;31;6;25,,34;37;28;40;19;16,,,,34;20;42;12;39;14;48;26;46,20;2;1;24;22;16;6;50;5,6;28;30,22;32;13;35,47;26;40;2;29;31;32,2;34;29;22;19,50;6;20;22;39;31;2;45,17;33;13;40,,,,27;48;45;1,,34;32;31;39;6
52,Moon,,,43;10;14;20;8;36;40;50;33;6,,,8;21;43,10;34;19;15;32,23;14;46;49;35,,21;35;13;2,16;5;4;32;38;27;34,,21;33;10;32;35;43;17;15;39,,49;8;5;41;25;35;33;36,39;42;50;1;20;24,14;41;45;25;3;50;28;13;5;11,35;30;17;32;48;8;36;42;31;27,,
53,Star,,14;32;45;23;25;5;13;21;1,28;47;38;41;32;19;15,49;33;30;23;29;39;17;22;25;31,36;3;34;7;50;43;13;11;12,,48;26;17;3;7,,21;10;42;20,,37;45;43;9,11;2;24;18;49,,,10;13;43;29;15;3;36;34;35;2,31;49;9;23;14;38;35;1,12;16;41;28;45;2;14,2;40;31;27;49,18;33;24;42;34;9,19;29;36;6
54,Ocean,,,37;31;48;45;20;6;34;28;7;18,,,26;4;9;48;31;17;19;43;18;32,21;23;9,46;40;12,50;30;14;36;34;10,5;29;49;16,,,17;42;47;50,,31;6;33;7;35;46,18;24;8;12,,50;24;40,,
55,River,5;14;42;13;44,,,42;6;33;25;12;8;30;49;24;26,,,44;50;24;35;15;41;1;36;13,,,,15;14;40;11;16;25;50;12;26;45,36;26;32;17;47;24,39;12;3;7;14;40;29;42,37;17;36;28;13;18;50,5;30;34;45;6;40;31;7,47;46;3;30;45,,14;30;11;2;28,32;12;31;4,4;14;19
56,Mountain,,8;28;47;31;45;48;22;35,,46;33;30;25;29;41;19,27;14;38;32;39;20;11;1;35,1;24;12;10;36;6;42;5;35,,9;28;5;49;24;30;6;40;31,,25;50;7;35;49;39;22;47;45,50;45;39;26;1;29;25,36;6;24;11;29;18,49;10;33;18;15;2;16,31;18;32;48;1,19;39;23;40;4;22;36;6,36;14;27,,,6;15;43;39;36,
57,Cloud,,25;9;40;33,24;25;13;8,,,47;48;25;16;3;18;24;6;11,48;45;25;37;17;9;19;10;36,24;9;2;12;16;32;1;45;48;31,31;35;7;5;32;46;3;34;49,48;38;3;12;47;11,,30;32;23;38;46;26;39,39;24;27;37;43;42;5;2;34;8,27;6;20;35;10;17,,,48;18;6;50;10;41;44,42;43;9;6;4;11;50;29,39;7;9,39;8;11
58,Rain,,3;50;29;35,10;4;27;23;33;24;17;18,44;50;21;33;48;3;27,,23;1;15;10;7;21;30;20;28;6,44;42;8;40;15;12;13,16;48;12;31,,,48;40;45;2;39;4,,16;41;15;49;5;42;22;11;25,10;4;19;9;36;46;45;49;20,,23;11;35,,,,2;42;22;36;47
59,Snow,7;50;30;48;42;1;32;35;10,,19;33;30;47;37;48;27;29;20;4,36;26;12;1;8;39,22;44;40;41,40;17;13;35;49;39,,25;9;1,,,5;38;10;21;46;26;39;47;42,,,19;12;2;13;45;38;46,,3;5;26;38;32,50;38;37,,,26;27;42;30;29
60,Wind,7;31;20;50;4;41;40;42;8;11,,,,14;49;18,34;2;44;22;3;31,13;31;2,43;25;11,38;46;11;33;18;36;29;4;12;7,,32;29;14;49;11;10;45;17;46;34,19;17;15,2;6;32,,,11;32;16;4;36;2;6;37;5;23,10;39;30;18;6;19,22;10;16,,17;39;34;14;49;1
61,Fire,,44;17;49,12;15;8;34;20,15;13;44;34;35,,21;19;6;35;33;4;22;13;45,5;2;41;24;1,,5;13;16,,12;2;47;37;35;31,22;19;48;1;45;34;15,20;25;28;13;14;46;37;4,48;45;36;22;4;16;23;32,,48;32;4;22;14,31;45;10;17;48;32,28;30;27;22;11;3;24;16,,45;24;25;28
62,Earth,46;20;11;2,11;45;34;15;49;48;29;12,,26;18;47;19;48;25;6;13;7;12,,,2;36;8;50;16,38;45;39,48;7;1;31;42;26,38;27;37;26;17;9;35,28;50;4;15;23;8;36;12;39,1;49;13;23;33;30;34;22;36,50;19;14;24;41;48;33;9;25;35,24;49;3,,,35;49;40;13;2;31,,3;2;47;49,27;43;19;5;26;14
63,Water,31;7;21;29;3;36;39,24;34;40;43;13;39;35;27,30;27;22;5;19;7;48;11;45;15,,,14;44;11;12;47;29;38;8,,12;18;29;21;31,38;29;44;27;25;23,18;32;33;15;21;40;8;1,,,,2;4;47;44;5;1;38;7;21,31;39;35;33;10;15;42;16;41;20,14;40;31,,33;27;16;20,6;7;29;39;11,8;21;17;49;20;31;41;44
64,Bread,18;49;6;16;21;11,11;3;14;46;37,45;14;38;11;3,,16;29;48;22,21;39;32;2;26;46;1;18;38,36;44;46;34,28;4;30;25,28;10;37,,,29;8;3;50;6;46;37,24;19;34;30;5;10;36;29;3;26,,,28;26;19;29;24,,,16;20;45;23,
65,Milk,36;33;26;42;37;46;6;25,29;17;9;45;4;44;27;36,42;31;21;27;9;16,,50;30;17;42;48;19;7,34;44;21,48;37;28;21;47,,,23;39;4;18;44;17;28;9,,20;26;2;36;22;13;7;43,9;47;50;27;41;4;21;5;11;44,40;11;3;48,,,,47;13;46,,
66,Egg,27;4;49;6;20;12;22;50;16;42,31;20;49,31;46;45;48;15;13;38,38;23;46;41;49;45;5;21;15,,19;15;21,,17;37;12;4;15;48;11;50;34,,16;32;46;17;48;29,,,38;3;19;5;36;20,43;18;5;27;6;46;7;21;20,,,42;6;16;50;34;7;12;4,,,20;50;23;13;10;33;47;41
67,Meat,10;22;29;20;15;3;24;47,,22;36;44,42;12;37;27;34,8;23;6;24;48;35;49;9;32;14,,13;47;8;45;6;36;9;7;39,,39;35;49;17;8;31;27;26,,50;46;17;6;45;16;24;26;23;27,,5;26;33;2;46;21,34;36;31;7;23;43;44,4;21;1;23;45,47;27;21;20;29;38;13;8;9;39,33;26;35,,6;17;11;15;13;9;46,36;41;1;49;19;45;43;48
68,Fruit,,43;41;30;15;50;40,,26;23;5;14;39;18,,18;45;27;13;37;9,,8;29;19;15;40,43;16;30;8,36;32;15;17;18,33;47;30;8;21;42,,42;25;4;24;31;6;44;21;26;13,,3;15;28,,32;46;18;47;7;29;38;44;8,,50;24;5;38;19;11;26;31;3;29,
69,Vegetable,17;11;7;49;36;29;3;39;6;47,48;47;26;49;22;6;15;38,30;44;35;47;36;45;4;14,33;43;40;44;2;1;9,,,14;42;40;7,35;44;23;9;26;3;34;31,,45;44;39;3;32;18;12;14,,,31;10;46;45;1,,,30;38;41;4;49;50,,29;35;20;5;37;49;3,6;42;13;35;39;50;4;22,
70,Rice,19;49;23;35;28;6;1;36;2;15,11;48;1;39,,,6;16;28;40;45,,,,5;21;40;48,24;36;30;45;7;37;33,34;31;50,42;41;49;2;19;39;44;12;36,43;9;5;4;38;8,50;15;34;4,,,5;14;49;12;35;29;17;21,10;1;38;23,,47;38;50;21;37;36;29
71,Robot,30;8;42;35;21;7;15,,,,45;26;30;8,46;14;6;37;12;16;13;30;34;39,,35;40;10;37;8;47;42,27;42;7,14;13;30;18;33,17;11;49,31;35;41;6;10;32;28;26,36;8;28,,12;9;11;25;28;41;37,8;29;35;40;47;15;44;31,27;8;17;44;23;15,36;23;48;43;3;4;46;11;25;37,,49;42;18
72,Alien,27;30;23;35,10;8;40;22;17,,,,26;16;20;35;36;28;46;50;23;15,41;18;25;14;38;23;8;50,35;7;14;12;17;10,,32;20;15;16;19;13,39;10;9;28;50;41;12,5;17;21;4;20;48,6;1;27;35;3;44;14,,7;37;25;19;5;6,14;46;34;28;7;41,29;35;25,,47;43;41,
73,Box,,19;17;24;15;36;44;21;9;27;23,8;36;16;21;49;46;20;22,20;1;39;24;41;11;26;18;37,,31;25;42,12;30;36;33,32;23;43;34;29,,,13;43;6;31;12;3,,,1;39;47;2,41;42;1;50,,7;49;50;11;15;19;40;1;42,22;33;17;41;27;18;1;5,,
74,Map,15;6;1;34;39;40;25,4;8;28;39;43;22;21;47,43;46;33;31;12;9;19;30;22,50;16;35;26,42;11;18;7;13;19;44;30,,,26;2;41;34;15;24,41;37;36;7;4,,,22;35;11;16;48;18;32;4,34;9;21;42;12,,,4;26;31;45,32;45;3;39;34,,,25;33;29;26;35;3
75,Flag,39;42;7;26,,,48;1;5;45;42;2,,50;6;35;7;10;25,,32;14;13;39;43,12;28;33;34,39;19;48;46;6;4;15;33;31;27,,26;35;40;44;28;43;13;50;4;38,,21;40;19;37;24;36;9;46;11;29,,32;18;48;8;3;9,,,13;17;6;29;38,
76,Coin,43;12;32;31;19;13;25,,25;44;43;50;24;20;39;40;9,8;43;20;23;34;32;5,35;27;6;2;1;16;21;43,18;13;12;38;15,21;22;27;12;36;37;10;41,,29;26;24;50,,,29;17;15;47;10;41;45;18;26;8,,22;19;47,,,,11;48;20;38;37;43;5;42;14,12;44;14;48;42;41;7;50;6;17,
77,Gem,,12;47;3;11;45;31,,,4;19;31,,41;48;9;30,2;50;29;14;7;45;47;27,,8;17;38;31,13;49;21;27;38,22;27;42;49;11;28;48;31,13;34;18;9;29;31,41;17;31;13;47,17;14;28;42;7;1;34;45,22;3;26;50,,18;33;40,,47;30;49;11;24;5;33;15;46
78,Ring,,,47;34;11;13;31;18,16;22;8;14;2;41,48;19;28;50;17,11;29;7;35;44;28;48;41;25,45;28;20;17;14;40;12;13;9,50;18;4;41;5;42;12;8;33;17,44;9;7;49;11,48;40;16;13;28,,27;45;28;2;31;17;47,25;29;9,38;12;43;17;33;3;27;41;23;29,,,23;32;27;45;42;7;9;39;37,,11;43;32;17;50;21,20;21;30
79,Crown,,,14;42;15;37;30;33;47;27;4,19;16;10;13;2,,,13;16;10;37;40;34;33;27;15;14,,19;20;6;34;24;38;27;32;42,2;30;23,,12;22;7;23;39;33;1,,,38;32;19;26;8;4;48,23;13;18,,6;11;35;16;50;21;9,9;16;7,34;2;17;7;39
80,Sword,41;12;42;7,18;2;35;42;26;41;5;50;21,,32;22;39,31;16;10,,18;42;10;8;5;20;28;32,27;16;49;30;13,46;44;16;39;28;50;10;12;27,28;25;22;26;5,2;17;31;1;48,8;20;30;14,5;32;45;50;3;44;49;7,12;17;39;46;37;16,42;48;9;29;33;5;45;46;35;43,31;21;29;13;43;30;15;48;50,15;33;50;48;11;23,,,
81,Shield,,,,,47;16;10;11;24;32;46,3;19;30;32;7;31,36;5;39;15,40;3;49;46;31;39,,,42;21;25;27;38;30;40;3;20;23,40;27;15;16;9;4;30,20;39;1;21,,31;1;9;15;18;48,37;33;30,5;10;8;33;44;2;22;15;24,,5;34;43;2,38;19;1;17;41;34;40
82,Anger,,30;27;17;3;9;10;20;38;37;15,41;9;43;42;14;48;33,24;40;30;32;45;29;3;44;5,18;14;36;48;43;38,23;7;40;16;2;38;12,1;19;45;34;11;47;30;7;4;27,,48;26;6;30,27;26;30;35;28;47;50;22;18,,19;35;49;21;3;14;32,,16;44;10;48;39;28;12,5;48;39;50;21;40,,47;49;29;30;9;20;5,24;45;1;50;12;47;43;27;4,,17;32;22;24;16;42;12;20;34
83,Joy,32;33;15;48;49;22;10;43;6;17,28;1;44;50;43;46;36,,28;40;25;23;9,,,48;41;11;43;31;42;13;12;18;23,,26;7;44;40;42;16;29;17,,,,,3;50;5;32;42;9,13;38;2;19;9;3;46;30;18;6,40;17;38;6;15;9,,46;19;48,39;13;2;29;14;10,
84,Sadness,,,32;47;21;25;12,7;28;40,26;30;22;1;31;37;32;47;5;13,5;13;32;12,27;29;48;1;25;18;6;2;16;37,,38;1;36;27;45,36;10;24;1,,21;40;44,,27;23;19;15;7;14;49;34;18,1;47;27;3;9;41;26,8;21;29;42;35;43;11;34;12,,,8;2;4;12;36;15;44;19;26;22,15;17;10;49;21;35
85,Fear,,28;8;18;39;21;25;5,9;38;12;20;32;11;21;30;26;33,9;24;48;22;3;4;14;27;32;5,11;29;19;24;41;38;1,,40;7;20;25,23;3;7;21;22;49,,10;40;6;26,,,6;23;3,,,40;18;50;42;6;32;45;33;26,,,7;23;16;14;19;43;34;42,
86,Hope,,,9;49;33;35;6;21;27;50;38;43,,30;39;28;29;3;16;25;15;20,20;23;3;42;48;37,,36;3;47,37;8;42;18;27;16;4;31;24,,,,,46;16;33;22;20;11;34;32;42,,23;41;13;34;22;14;12;45,,,15;8;22;18;2;26;10;46;33;7,
87,Love,24;49;16;6;15;33;7;30,8;33;14;31;5;26;32;2;24;11,2;5;3;29;33;1;47;28;15,21;36;24;46;7,22;36;5,,11;36;1;32;49;4;25;18;12,20;43;9;3;26;13;37;10;27,8;45;33;28;26,46;32;24;42;40;5;44;29;27,,23;17;42;41;26;4;31;16,16;49;4,,26;16;17;31;13;46,39;29;49;6;24,36;14;35;28;32,13;25;20;16;45;4;9,39;22;33;12;2;31;1;5;4;6,42;5;19;18
88,Hate,33;13;48;22,28;15;12;42;16;4;2;37;17,43;41;47;22;27;14,29;11;37;50;1;17;7;9;36;35,,,,28;35;5;21;19;22;50;3,,,37;4;11;8,16;11;17;26;7;6,42;9;4;23;27;6,,19;40;28,1;39;50;24;21,,,39;5;35;13;24;14;1;16;2;32,
89,War,,,30;50;37,,9;45;26;7;40,,13;31;35;42;24;33;44;3;30;5,,,40;11;45;2;15;28;3;49;17;5,27;39;10;26;3;40;36,,,23;13;46;32;45;20;36,,,,,,
90,Peace,,11;48;43;12;24;39;31,,47;5;15;29;28;19,25;28;46;27;38,,31;46;45;25;1;23;48;14;50;38,,,,42;33;47;6;14;2;30,,40;32;19,4;39;19;23;36;17;42;34,47;4;11;28;33,45;1;42;3;6;5;48;35;36;13,23;20;29;7;3,,22;7;27,50;32;38;25;37;21;18;16;30
91,Freedom,44;6;31;23;40,15;37;39;9;44;50;25,3;20;47;21;29;23;15;24,,,8;31;25;27;50,,31;43;36;20;17;27,,25;10;20;28;15;19;35;12;14,,,36;19;10;27;14;6;25;39;18,3;12;49;14;35;23;24;31;38;34,24;1;34;19;49;20;30;47;50;39,,42;12;11;50;30;15;22;38;44,,48;1;41;26;19;29;32;38,1;26;36;47;12;19;27;22;6
92,Justice,,29;5;9;32;11;1;14,19;16;4,,,26;16;14;28;30;11;32;13;5;50,,33;4;37;39;40;24;35;9;21;2,,47;17;4;15;14,,17;9;12;10;50;34;14;47;20,10;28;3,49;41;32;28;17;37;24;6;39,,29;28;40;20;50;45,10;21;18;1;7;16;32,44;36;4;38;46;11;50,45;41;36;32;5;13;27;4;24,
93,Idea,31;17;48;41,10;20;18;38;7;4;26,,46;6;22;10;38;18;45;48;19,,42;3;26;8;19;20,11;43;3;44;5;35,19;14;8;17;18,38;4;9;46;43;11;28;8;5,,,24;47;46,,17;33;27;37,42;38;23,44;25;3;31;1;12;17;27;15;11,37;21;27;11;44;7;3;19,,8;28;12;34,
94,Dream,3;32;33,22;7;8;38;46;1;13;12;29,34;11;2;40;39,,34;47;38;25;28;4;11;5;1,47;13;1;17;19;2;14,,,22;16;35;14;37;26;4;19;47,,30;42;14;5;45,18;39;20;29,,,21;14;30,,,,48;7;29;34;21;17;35;44;38;33,43;30;31;4
95,Nightmare,49;29;11,,7;20;40;36;4;29,,,41;47;12;39;9;10;15;18;29,,2;21;38;29;12;32;20;40;34,20;49;31;19;11;32;27;14,16;2;48;38;25;30;35;4,18;37;27;36;44;50;26;49;10;43,,40;14;12;6;46;16;31;44,7;24;41;10;6,9;32;15,33;15;39,5;41;45;20,,,49;7;14;16;32;31
96,Chaos,33;18;9,,3;12;48;50;22;6;10;9;31;41,,10;40;5;2;3;13;37;17;35;32,4;17;37;15;21;27;48;31;40,8;39;17;29;37,15;16;22;29;23;6,16;3;27;9;8;12;42;38;22;36,38;4;18;2,12;8;39;16;27;40;1;17;38,,47;40;13;12;11,32;6;11;17;19;41;27,,,16;48;42;22;10;21,29;37;38;5,,38;2;18;39;32;40
97,Order,47;29;28;2;23;40;8;15;21,,,,24;6;46;21;12;4;22;50;49;2,31;42;39;47;24;27;38;19;2,,,18;1;35;7;36;11;14;4;20,8;6;41;21;42;50;37;31,29;42;19;10;49;15;16,,,,,44;10;5;46,,17;7;9,,49;15;16;7;6
98,Time,,,19;25;37;40;2;9;31;13,,20;2;18,17;6;45;38;22;43;10;19;25;37,,7;17;3,47;22;12;7;1;33;34;16;24,42;12;29;38;22;5;35;4;8;20,33;32;15;50;25,,,,25;47;4,,2;28;9;40;4;37,,26;1;8,24;21;37;38;35;16;19;11
99,Space,,,,34;8;32;50;12;47,14;39;49,4;43;34;38;17;6,23;11;14;31;9;35;16;28,31;35;28;22;17;1;20,,,7;27;28;12;10;36,,,,,,31;49;17;6;37;7;32;24;29,,2;41;1;46;16;11,12;14;44;42;16;37;32
100,Life,,44;30;20,44;47;48;34;15;27;30;5;18;14,,26;25;20;9;11;48,11;3;7;13;44;16;23;18;33,11;25;10;16;2;23,45;6;28;41,,20;4;3;9;40;23;10,9;8;38;26;13;19;39;4;29,23;6;30;50;38;7;12;39,49;12;23;29;45;19;22;14;21,,24;1;15;9;12;42;32;26;7;23,,24;21;13;1;8;43;16;25;19;34,6;42;48;32;36;49;13;20;3;21,,
101,Death,13;9;39,21;29;14;30;44;33;18,31;28;24;43;10;26;18;46;17;12,,33;23;17,29;36;3;30;32,,35;25;16;6;27;5;42;11,,,1;32;41;34;28;24;47;29;15;13,15;28;35;45;30;1;4;29,13;48;23;17;2;25;46;4;40;5,18;6;9,28;43;16;27;45;10;1;8,,41;16;39;22;2,,5;10;39;32;26,
102,Magic,,,,,,16;21;48;42;32;12;3;10,48;25;4;24;45;10;34;49;37;30,,31;5;1;28;38;42;19;18;43,33;24;45;46,13;20;19;12;30;4;50;46,19;36;43;37;7;44;3;20;24,26;18;24;20;23;17;47;7,21;17;31;14;44,,46;40;2;32;8,6;13;9;19;24;27,27;24;48;25;26;38;49;39;43;37,,7;14;35;5;48;6;47
103,Science,17;29;20;19;30;46;41;18;12;15,24;15;23;30;11;50;2;34;39;21,,,15;7;3;32;24;48;1;28;36,34;7;21;39;41;40,43;4;12;21;14;48;22;44,16;39;17;23;44;25;48;24;10,,36;35;33;34;32,,9;43;29;26;35;17;11,,,35;11;7;27,46;40;10;47;1;36;29,,3;8;11;26;17;23;12;42,9;27;31;3;29,30;4;18;21;19;36;45;38
104,Art,45;16;28;32;34;3;14;5;21,37;25;49;20;2;45;42;3,,10;37;17;45;9;2;22;7,26;13;40;29;24;46;45;15,,32;6;9;12;10;2;49;7;42;50,34;24;12;26;44,,40;19;35;21;44,12;38;1;39;31;42;13;24;20;21,4;47;1;28,11;45;15;28,,,23;47;33;50;15;38;29;6;21;34,20;25;39;23,34;41;1;6;25,48;46;30;25,28;14;49;5;24;27;26
105,Music,21;12;16;23;28;4;42;2;22,4;38;1;48;43;5;14;26;12,43;29;3;7;19;18;44;16,40;22;46;44;23;12;17;49;35;30,26;35;15;4;21;10;13;27;6;23,9;34;41,,7;28;24;40,45;14;27;48;34;37;50;12,,,,,,25;12;2;41;32;49;3;9;15,,39;26;41,2;50;8;3,,
106,Game,,4;33;21;30;26;14;11,38;2;13;6;23,46;32;19;27;16;35,,14;21;27,,,,,34;50;28;24;39;31;38,29;47;28;49,,6;46;45;22;35;39,8;48;25;20,34;47;30;35;14;27,17;36;2,13;23;7;1,50;19;41;4;48;46;42;49,
107,Sport,,,30;11;24,,40;42;44;46;2;32;43,,37;32;28;18,8;31;18;33;28;7;30;40;19,40;46;34;20;21;27;18;31;1;6,,13;37;4;27;22;21,38;48;27,43;33;21;23;22;29;25;40;27,,16;26;37;44;6,50;19;25;31;23;35;7;16,25;48;7;33;24;16;38;46;8;2,14;39;15;37;23;6;13;35;12,15;13;23;34;2;22;36,9;41;17;28;36;12;24
108,Faith,47;29;32;35,41;13;2;5;47;10;43;26;20;49,3;28;10;1;26;50,,,18;15;37;11,2;7;24;31,,9;20;6;41;39,,,29;39;44;28;26;20;12;47;14,38;4;44,,,1;22;28;27;39,37;48;8,28;50;49;23;8;7;47;11;12,30;16;32;8;4,12;50;43;48;45
109,Truth,,43;21;29;33,32;48;9;45;46;43;47,47;15;42;24;38;12;19;9;48;25,,,,32;29;20;4;15;47;26,27;34;31;36;7;37;18;19,7;47;33;19,,50;32;26,,,10;9;48;27;1;31;12,25;16;19;17;8;32;29;48;11;1,,,14;25;29;33;32;44;39;35;43;46,
110,Lie,,50;39;31;48,35;8;11;15,21;24;29;50;49;2,,49;38;19;40;44;11;34;18;26,,,,,19;11;41;48;6,,,15;47;43;39;50;44;49;1;14,37;41;18;22;3;46;40;29;27;4,42;33;35;22;34;37;40;44;2;49,16;2;26;11;32;20;48,30;42;1;12;38;31;47;44;45;3,,
111,Wisdom,40;6;36;39;37;38;13;5,38;35;16;44;13;17;7;39,50;47;14;9;17;13;48;8;26;31,,38;37;16;13,,,18;9;32;8;38;43;37;48;35,,42;15;49,,,32;41;34,13;32;38;33;49;41;29;47;2;40,,27;13;38;16;22;11;2;32;30;12,,9;21;36;13;26;43;3;24,38;14;8;11;39;5;33;16;17,47;21;13;32;6;24;49;16
112,Knowledge,23;13;1;21;24;36,,22;8;16;23;38;7;44;30;32;45,23;12;50,6;38;22;12;50;5;31;34;11;36,,4;1;49;14;6;7;27;3;12;26,,45;46;17;6;12;14,,,,,,14;23;24;35;33;7;8;37;34,,14;47;21,,38;10;48;49;33;34;29;16;6;26,32;49;31;22;34;41;8;16;45
113,Power,32;31;40,10;23;38;36,33;40;3;43;28;44,,19;46;47,,42;10;44,47;6;16;50;38;28,42;19;29,7;3;27,,,,,,5;46;28;34;30;22,10;38;13;18;34;27;28;30,19;15;35;41;9;12;31;11;14;48,1;44;35;50;15;24;11,39;11;6;48;22;9;32
114,Energy,,17;13;28;45;19;50;36;25;2;6,,,14;44;3;34;46;42;45,,,34;50;31;23;35,,,26;1;16;20;34;24;10;42,,8;9;3;30;4;46,1;24;32;16;3;40;34;2;6;49,18;49;39;47,26;11;10;39;34;38;15;3;37;2,24;36;1;14;46;34;11,21;47;30;16;7;4,30;45;49;11;6;34,21;42;23;49;29;25
115,Soul,11;3;22;15;10;34;26;21;37,17;23;30;8,,46;43;48;5;29;38;42,13;29;47;44;12;22;48;45;9,,,,,,23;42;34,,19;10;2;30,34;32;48;9;49,5;15;43,,,44;1;32;2;35;10,33;7;38;30;10,
116,Mind,,,,4;43;23;8,38;22;23;5;28;16,17;16;3;27;25;19;28;41;32;5,,35;36;3;26;9;28,8;48;41;35;40;44,48;33;38;9;46,22;35;5;36;9;45;20;49;24,,,,34;22;2,34;45;15;36,19;25;1;49;4;6,34;36;45;32;5;11,26;16;13;31;36;34;40;50;35,
117,Memory,12;27;19;39,35;50;37;40;16;21;32;8,29;2;48;17;1;8;21;7;30,35;8;3;30;6;47,,,25;9;15;26;30;11,,26;42;48;21;7;30;2;47,28;39;7;27;4;33;41;3;12;37,,26;1;9;47;10;25;38;7,23;10;42;9;33;4;30;47;16,39;10;22,25;49;22;8;1;43;40;47;7;15,5;26;49,2;1;29;32;36;23,17;26;7,,38;18;9;14;42;30;16
118,Thought,8;26;34;17,,24;30;44;20;23;32;25,,23;43;49;47;2;31,,27;23;30;43;26;21;50;36;33,,3;4;43;47;1;34;7,,8;3;7;38;12;36;20,6;38;22;20;2,29;33;49;24;16;45;50,12;39;47;45;42,,50;44;16;43;39;42,,39;1;19;43;7;48;38,22;10;24;26;41;21,15;42;36;14;29;48;33;16;40;19
119,Silence,32;28;3;8;26;39;25;7;42;11,4;32;29;15;28;10;35;14;41,30;39;36;40,12;5;6;43;23,46;19;16;31,16;50;6;40;7;21;27;44;32;26,,,2;7;19,,35;5;48;24;8;11;33;21;46;43,,41;9;27;47,16;13;29;43;34;7;14;32;15,34;22;14;9;47;42;46,,27;8;11;13;25,33;50;1;13,,
120,Noise,9;42;38;44,12;8;21;45;49;27,,33;41;46;37;27;11;8,5;40;17;3;36;1;31;22;23,,,,2;47;15;3;35;19;14;23,10;50;21;41;27;18,11;22;39;7;33;46;29;34,14;35;22;50;41,20;26;34;5;50;12;49,,,,,49;40;5,,25;21;31;11
121,Echo,35;25;1;16;27;17;44;3;7,20;38;19;9;5;30;28;24,14;28;48;9;37;29;49;21;5;25,25;6;4;22;43;37;10;45;19,9;16;47,41;40;20,20;14;19;8;2;40,34;30;21;9;17;15;44;20;45,23;12;2,,47;42;45;44;16;37;20;32,,,42;35;33;48;26;38;47;39;28;14,40;9;35;32;22;15;25,,20;31;37;9;44,,32;27;42;10,35;21;6;47;27;45;26;44;36;2