Word,Category,Color,Appearance,Shape,Size,Texture,Material,Parts,Function,Action,BodyPart,Climate,Time,Location,User,Danger,Property,Sociality,Power,Sound,Value,Emotion,Era
Shirt,Artifact; Clothing; Top,,,,,,Cotton,Sleeves; Collar; Buttons; Cuffs,Covering body,Wear; Button,Torso; Arms,,,Office,,,Washable,,,,,,
Blouse,Artifact; Clothing; Top,,,,,Silky,Silk,Sleeves; Collar; Buttons,Covering body; Fashion,Wear; Button,Torso; Arms,,,Office,Woman,,Washable,,,,,,
T-shirt,Artifact; Clothing; Top; Casual wear,,,T-shaped,,Soft,Cotton,Sleeves; Neckline,Covering body,Wear,Torso,Warm,Summer,,Everyone,,Washable,,,,,,
Sweater,Artifact; Clothing; Top,,,,,Soft; Woolly,Wool,Sleeves; Neckline; Cuffs,Covering body; Warmth,Wear,Torso; Arms,Cold,Winter,,,,Warm,,,,,,
Hoodie,Artifact; Clothing; Top; Casual wear,,,,,Soft,Cotton; Fleece,Sleeves; Hood; Pockets,Covering body; Warmth,Wear,Torso; Arms; Head,Cold,,,Teenager,,Warm,,,,,,
Jacket,Artifact; Clothing; Outerwear,,,,,,Leather,Sleeves; Collar; Zipper; Pockets,Covering body; Warmth,Wear; Zip,Torso; Arms,Windy,Autumn,,,,Windproof,,,,,,
Coat,Artifact; Clothing; Outerwear,,,Long,,,Wool,Sleeves; Collar; Buttons; Pockets,Warmth; Cold protection,Wear; Button,Torso; Arms,Cold,Winter,,,,Warm,,,,,,
Raincoat,Artifact; Clothing; Outerwear,,,Long,,Smooth,Nylon,Sleeves; Hood; Zipper; Pockets,Rain protection,Wear; Zip,Torso; Arms,Rainy,,,,,Waterproof,,,,,,
Suit,Artifact; Clothing; Formal wear,,,,,Smooth,Wool,Buttons; Pockets; Pant legs,Covering body; Formality,Wear; Button,Whole body,,,Office; Wedding,Businessperson; Man,,,,,,Expensive,,
Dress,Artifact; Clothing,,,Long,,,Cotton; Silk,Sleeves; Zipper,Covering body; Fashion,Wear; Zip,Torso; Legs,,,Party; Wedding,Woman,,,,,,,,
Skirt,Artifact; Clothing; Legwear,,,,,,Cotton,Waistband; Pleats; Zipper,Covering body; Fashion,Wear; Zip,Waist; Legs,,Summer,,Woman,,,,,,,,
Trousers,Artifact; Clothing; Legwear,,,Long,,,Cotton,Pant legs; Waistband; Pockets; Zipper,Covering body,Wear; Zip; Button,Legs; Waist,,,Office,,,,,,,,,
Jeans,Artifact; Clothing; Legwear; Casual wear,Blue,,Long,,Tough,Denim,Pant legs; Waistband; Pockets; Zipper,Covering body,Wear; Zip; Button,Legs; Waist,,,,Everyone,,Durable,,,,,,
Shorts,Artifact; Clothing; Legwear; Casual wear,,,Short,,,Cotton,Pant legs; Waistband; Pockets,Covering body,Wear,Legs; Waist,Sunny,Summer,Beach,,,,,,,,,
Pajamas,Artifact; Clothing; Sleepwear,,,,,Soft,Cotton,Sleeves; Pant legs; Buttons; Waistband,Comfort,Wear,Whole body,,Night; Bedtime,Bedroom,,,Washable,,,,,Comfort,
Robe,Artifact; Clothing; Sleepwear,,,Long,,Soft; Fluffy,Cotton,Sleeves; Pockets,Warmth; Comfort,Wear; Tie,Whole body,,Morning; Evening,Bathroom; Bedroom,,,Absorbent,,,,,Comfort,
Sock,Artifact; Clothing,,,Tubular,,Soft; Elastic,Cotton; Wool,Heel; Cuffs,Warmth; Comfort,Wear; Put on,Feet; Ankles,,,,Everyone,,Paired; Washable,,,,,,
Stocking,Artifact; Clothing,,,Tubular; Long,,Silky; Elastic,Nylon; Silk,Heel,Covering body; Fashion,Wear; Put on,Legs; Feet,,,,Woman,,Paired; Tearable,,,,,,
Shoe,Artifact; Footwear,,,,,,Leather; Rubber,Sole; Heel; Laces; Tongue,Foot protection; Walking,Wear; Lace,Feet,,,,Everyone,,Paired,,,,,,
Boot,Artifact; Footwear,,,Tall,,Tough,Leather; Rubber,Sole; Heel; Laces,Foot protection; Hiking,Wear; Lace,Feet; Ankles,Snowy; Rainy,Winter,Trail,Hiker; Worker,,Paired; Waterproof,,,,,,
Sneaker,Artifact; Footwear; Sportswear; Casual wear,,,,,Flexible,Fabric; Rubber,Sole; Laces; Tongue,Running; Sports,Wear; Lace,Feet,,,Gym,Runner; Athlete,,Paired; Lightweight,,,,,,
Sandal,Artifact; Footwear; Casual wear,,,Flat,,,Leather; Rubber,Sole; Strap; Buckle,Walking,Wear; Fasten,Feet,Sunny,Summer,Beach,,,Paired; Open,,,,,,Ancient
Slipper,Artifact; Footwear,,,,,Soft,Fabric; Wool,Sole; Lining,Comfort; Warmth,Wear; Put on,Feet,,Evening,Home; Bedroom,,,Paired; Warm,,,,,Comfort,
Hat,Artifact; Headwear; Accessory,,,Round,Small,,Wool,Crown,Sun protection; Fashion,Wear,Head,Sunny,Summer,,,,,,,,,,
Cap,Artifact; Headwear; Casual wear; Sportswear,,,Round; Dome-shaped,,,Cotton,Visor; Crown; Strap,Sun protection; Sports,Wear; Adjust,Head,Sunny,Summer,Sports field,Athlete,,Adjustable,,,,,,
Beanie,Artifact; Headwear,,,Round,,Soft; Woolly,Wool,,Warmth; Cold protection,Wear,Head; Ears,Cold; Snowy,Winter,,,,Warm; Stretchable,,,,,,
Helmet,Artifact; Headwear; Protective gear,,,Round; Dome-shaped,,Hard; Padded,Plastic; Foam,Visor; Padding,,Wear; Fasten,Head,,,Road; Construction site,Cyclist; Builder,,Adjustable,,,,,,
Scarf,Artifact; Accessory,,,Long; Rectangular,,Soft; Woolly,Wool; Silk,Fringe,Warmth; Fashion,Wear; Wrap,Neck,Cold; Windy,Winter,,,,Warm,,,,,,
Glove,Artifact; Accessory,,,,,Soft,Leather; Wool,Fingers; Thumb; Cuffs,Warmth,Wear; Put on,Hands; Fingers,Cold,Winter,,,,Paired; Warm,,,,,,
Mitten,Artifact; Accessory,,,Round,,Soft; Woolly,Wool,Thumb; Cuffs,Warmth; Cold protection,Wear; Put on,Hands,Snowy,Winter,,Child,,Paired; Warm,,,,,,
Belt,Artifact; Accessory,,,Long; Narrow,,Tough; Flexible,Leather; Metal,Buckle; Strap; Holes,Fashion,Wear; Fasten; Tighten,Waist,,,,,,Adjustable,,,,,,
Tie,Artifact; Accessory; Formal wear,,,Long; Narrow,,Silky; Smooth,Silk,Knot,Formality; Fashion,Wear; Tie; Adjust,Neck,,,Office; Wedding,Businessperson; Man,,,,,,,,
Apron,Artifact; Clothing; Protective gear,,,,,,Cotton,Strap; Pockets,Protection,Wear; Tie,Torso; Waist,,,Kitchen; Bakery,Cook; Baker,,Washable,,,,,,
Swimsuit,Artifact; Clothing; Sportswear,,,,,Smooth; Elastic,Nylon,Shoulder straps; Lining,Swimming,Wear; Swim,Torso,Sunny,Summer,Beach; Pool,Swimmer,,Stretchable,,,,,,
Ring,Artifact; Jewelry; Accessory,,Shiny; Sparkling,Ring-shaped; Round,Tiny,Smooth,Gold; Gemstone,Band; Gem,Adornment; Gift,Wear; Put on,Fingers,,,Wedding; Jewelry shop,,,Durable,,,,Precious,Romance,Ancient
Necklace,Artifact; Jewelry; Accessory,,Shiny,Loop; Long,Small,Smooth,Gold; Silver,Chain; Clasp; Pendant,Adornment; Gift,Wear; Fasten,Neck,,,Jewelry shop; Party,Woman,,,,,,Expensive,Elegance,
Bracelet,Artifact; Jewelry; Accessory,,Shiny,Loop,Small,Smooth,Silver; Gold,Chain; Clasp,Adornment; Gift,Wear; Fasten,Wrist,,,Jewelry shop; Party,Woman,,,,,Jingle,Affordable,,
Earring,Artifact; Jewelry; Accessory,,Shiny; Sparkling,,Tiny,Smooth,Gold,Clasp,Adornment; Fashion,Wear; Put on,Ears,,,Jewelry shop; Party,Woman,Allergenic,Paired,,,,,,
Crown,Artifact; Headwear; Jewelry,,Shiny; Sparkling,Round; Pointed,,Hard,Gold; Gemstone,Gem; Band,Ruling; Adornment,Wear,Head,,,Palace; Museum,King,,,,,,Precious,Authority; Awe,Medieval
Watch,Artifact; Timepiece; Accessory,,,Round,Tiny,,Stainless steel; Leather,Clock face; Clock hands,Timekeeping; Adornment,Wear; Read time,Wrist,,Hours; Minutes,,,,Wearable,,Battery,Tick,Expensive,,
Glasses,Artifact; Accessory; Optical instrument,,Transparent,,Small,Hard; Smooth,Lens glass; Plastic,Lenses; Frame; Temples,Vision correction; Reading,Wear; Look through,Eyes; Nose,,,,Elderly,,Fragile; Foldable; Wearable,Personal,,,,,Medieval
Sunglasses,Artifact; Accessory,,Dark,,Small,Hard; Smooth,Lens glass; Plastic,Lenses; Frame; Temples,Sun protection; Fashion,Wear; Look through,Eyes; Nose,Sunny,Summer,Beach,Tourist; Driver,,Foldable; Wearable,,,,,,
Umbrella,Artifact; Accessory,,,Dome-shaped,Medium,,Nylon; Metal,Ribs; Handle,Rain protection,Open; Hold; Fold,Hands,Rainy,Autumn,Street; Hallway,Commuter; Pedestrian,,Foldable; Waterproof; Portable,,,Patter,,,Ancient
Wallet,Artifact; Accessory,,,Rectangular; Flat,Small,Leathery,Leather,Slots; Pockets,Storing,Carry; Open; Pay,,,,Pocket; Bag,Customer,,Foldable; Pocket-sized,Personal,,,,,
Handbag,Artifact; Accessory; Bag,,,Hollow,Small,Leathery,Leather; Fabric,Strap; Clasp; Pockets,Carrying; Fashion,Carry; Open,Shoulders; Hands,,,Shop,Woman,,Portable,Personal,,,Expensive,,
Button,Artifact; Fastener,,,Disc-shaped; Flat,Tiny,Hard; Smooth,Plastic; Metal,Holes,Fastening; Decoration,Button; Sew,Fingers,,,Tailor shop,Tailor,Choking hazard,,,,,,,
Zipper,Artifact; Fastener,,,Long; Thin,Small,,Metal; Nylon,Teeth; Slide,Fastening,Zip; Pull,,,,Tailor shop,Tailor,Pinches,,,,Zip,,,Modern
