Word,Category,Appearance,Shape,Size,Weight,Texture,Material,Temperature,Parts,Function,Action,Power,Sound,Movement,Speed,Location,Region,User,Sociality,Danger,Property,Emotion,Value,Time,Era
Phone,Artifact; Electronic device; Computer; Communication device,,,Small,,,Glass; Electronics,,Screen; Battery; Speaker,Internet access; Calling; Messaging; Photography,Call; Text; Swipe,Battery,,,,Pocket; Bag,,Everyone,,Eye strain; Addictive,Rechargeable; Wireless; Portable; Pocket-sized; Touch-sensitive,,Expensive,,Digital
Tablet,Artifact; Electronic device; Computer,,,Small,,,Glass; Electronics,,Screen; Battery,Internet access; Reading; Watching,Swipe; Tap; Read,Battery,,,,Bag; Living room,,Everyone,,Eye strain,Rechargeable; Wireless; Portable; Touch-sensitive,,Expensive,,Digital
Laptop,Artifact; Electronic device; Computer,,,Small,,,Aluminum; Electronics,,Screen; Battery; Keyboard,Internet access; Computing; Typing,Type; Browse; Click,Battery,,,,Desk; Bag,,Student; Office worker,,Eye strain,Rechargeable; Wireless; Portable; Foldable,,Expensive,,Digital
Computer,Artifact; Electronic device; Computer,,,Medium,,,Plastic; Electronics,,Screen; Keyboard; Cable,Computing; Internet access; Gaming,Type; Browse; Click,Electricity,,,,Desk; Office,,Office worker; Programmer,,Eye strain,Plug-in; Programmable; Networked,,Expensive,,Digital
Keyboard,Artifact; Electronic device,,,Small,,,Plastic; Electronics,,Keys; Cable,Typing,Type; Press,,,,,Desk; Office,,Office worker; Programmer,,Strain,Plug-in,,Affordable,,Digital
Telephone,Artifact; Electronic device; Communication device,,,Small,,,Plastic; Electronics,,Buttons; Cable; Speaker,Calling; Communication,Call; Dial,Electricity,,,,Hallway; Office,,Everyone; Elderly,,,Plug-in,,Cheap,,Industrial
Television,Artifact; Electronic device,,,Medium,,,Plastic; Electronics,,Screen; Speaker; Cable,Watching; Entertainment,Watch; Switch on; Change channel,Electricity,,,,Living room; Wall,,Everyone,,Eye strain,Plug-in; Wall-mounted; Remote-controlled,,Expensive,,Modern
Radio,Artifact; Electronic device; Communication device; Audio device,,,Small,,,Plastic; Electronics,,Speaker; Antenna; Dial,Listening; Broadcasting; Entertainment,Listen; Tune; Switch on,Electricity; Battery,,,,Kitchen,,Everyone; Elderly,,,Portable,,Affordable,,Modern
Speaker,Artifact; Electronic device; Audio device,,,Small,,,Plastic; Electronics; Magnet,,Grille; Cable; Knob,Sound output; Amplification,Listen; Plug in,Electricity,,,,Living room; Stage,,Musician,,,Plug-in; Amplified,,Affordable,,Modern
Headphones,Artifact; Electronic device; Audio device,,,Small,,,Plastic; Electronics,,Speaker; Cable; Padding,Sound output; Listening,Listen; Wear,Battery,,,,Bag,,Teenager; Commuter,,Hearing damage,Wireless; Wearable; Paired; Portable,,Affordable,,Modern
Microphone,Artifact; Electronic device; Audio device,,,Small,,,Steel; Mesh; Electronics,,Grille; Cable; Switch,Amplification,Hold; Speak,Electricity,,,,Stage; Studio,,Singer,,,Handheld; Amplified,,Affordable,,Modern
Camera,Artifact; Electronic device; Optical instrument,,,Small,,,Plastic; Lens glass; Electronics,,Lens; Buttons; Battery,Photography,Photograph; Focus,Battery,,,,Bag; Studio,,Photographer; Tourist,,,Portable; Handheld; Rechargeable,,Expensive,,Modern
Printer,Artifact; Electronic device; Machine,,,Medium,,,Plastic; Electronics,,Ink cartridge; Buttons; Cable,Printing,Print; Scan,Electricity,,,,Office; Library,,Office worker; Student,,,Plug-in; Networked,,Affordable,,Digital
Remote,Artifact; Electronic device,,,Small,,,Plastic; Electronics,,Buttons; Battery,Switching,Press; Point; Change channel,Battery,,,,Living room,,Everyone,,,Handheld; Wireless,,Cheap,,Modern
Console,Artifact; Electronic device; Computer,,,Small,,,Plastic; Electronics,,Buttons; Cable,Gaming; Entertainment,Play; Press,Electricity,,,,Living room; Bedroom,,Teenager,Multiplayer,Addictive; Eye strain,Plug-in; Networked,Fun,Expensive,,Digital
Calculator,Artifact; Electronic device,,,Small,,,Plastic; Electronics,,Buttons; Display; Solar panel,Calculating,Press; Calculate,Battery; Solar,,,,Desk; Classroom,,Student; Cashier,,,Pocket-sized; Handheld; Numbered,,Cheap,,Modern
Battery,Artifact,,,Tiny,,,Steel; Zinc,,,Power supply,Charge,,,,,Drawer,,,,Toxic; Short circuit; Overheating,Disposable; Recyclable; Portable,,Cheap,,Industrial
Charger,Artifact; Electronic device,,,Small,,,Plastic; Copper,,Cable; Plug,Power supply; Charging,Plug in; Charge,Electricity,,,,Bedside; Bag,,,,Electric shock; Overheating,Plug-in; Portable,,Cheap,,Digital
Cable,Artifact,,,Small,,Flexible,Copper; Plastic,,Plug,Power supply; Connecting; Charging,Plug in,,,,,Drawer; Floor,,,,Electric shock; Tripping,Conducts electricity,,Cheap,,Industrial
Plug,Artifact,,,Small,,,Plastic; Brass,,Cable,Power supply; Connecting,Plug in; Pull,,,,,Wall,,,,Electric shock,Conducts electricity,,Cheap,,Industrial
Socket,Artifact; Fixture,,,Small,,,Plastic; Brass,,Slots; Switch,Power supply; Connecting,Plug in; Switch on,,,,,Wall,,,,Electric shock; Short circuit,Wall-mounted; Fixed,,Cheap,,Industrial
Switch,Artifact; Fixture,,,Tiny,,,Plastic; Brass,,Lever,Switching,Press; Switch on; Switch off,,,,,Wall; Doorway,,Everyone; Electrician,,Electric shock,Wall-mounted; Fixed,,Cheap,,Industrial
Bulb,Artifact; Light source; Lighting,Glowing; Bright,,Small,,,Glass; Metal,,Screw thread,Illumination,Switch on; Switch off; Twist,Electricity,,,,Ceiling,,,,Shatters; Burns,Fragile; Disposable,,Cheap,,Industrial
Flashlight,Artifact; Light source; Tool,Glowing; Bright,,Small,,,Plastic; Aluminum,,Bulb; Battery; Switch,Illumination; Camping,Switch on; Switch off; Hold; Point,Battery,,,,Drawer; Campsite,,Camper; Police officer,,,Portable; Handheld,,Cheap,,Modern
Heater,Artifact; Home appliance; Heating device,,,Medium,,,Steel; Plastic,Hot,Heating element; Switch; Cable,Heating; Warmth,Switch on; Plug in; Warm hands,Electricity,,,,Living room; Bedroom,,,,Burns; Fire hazard,Plug-in; Portable,,Affordable,Winter,Modern
Vacuum,Artifact; Machine; Home appliance; Cleaning tool,,,Medium,,,Steel; Plastic,,Motor; Cable,Cleaning,Vacuum; Push; Plug in,Electricity,,,,Cupboard; Floor,,Cleaner; Housekeeper,,,Plug-in; Wheeled,,Affordable,,Modern
Washer,Artifact; Machine; Home appliance,,,Medium,Heavy,,Steel; Plastic,,Drum; Door; Motor,Laundry; Washing,Load; Unload; Wash,Electricity,,,,Laundry; Bathroom,,Housekeeper,,,Plug-in; Automatic,,Expensive,,Modern
Dryer,Artifact; Machine; Home appliance,,,Medium,Heavy,,Steel; Plastic,Hot,Drum; Door; Heating element,Laundry; Drying,Load; Unload; Dry,Electricity,,,,Laundry,,Housekeeper,,Fire hazard,Plug-in; Automatic,,Expensive,,Modern
Telescope,Artifact; Optical instrument; Scientific instrument,,,Medium,,,Lens glass; Metal,,Lens; Legs,Observation; Magnification; Research,Look through; Focus; Stargaze,,,,,,,Scientist,,,Fragile,,Expensive,Night,
Microscope,Artifact; Optical instrument; Scientific instrument,,,Small,,,Lens glass; Metal,,Lens; Knob,Observation; Magnification; Research,Look through; Focus; Examine,,,,,Laboratory; Classroom,,Scientist; Student,,,Fragile,,Expensive,,
Binoculars,Artifact; Optical instrument,,,Small,,,Lens glass; Metal,,Lens; Strap,Observation; Magnification,Look through; Focus; Hold,,,,,Trail; Ship,,Hiker; Hunter,,,Fragile; Portable; Handheld; Paired,,Expensive,,
Compass,Artifact; Tool; Measuring tool,,,Small,,,Brass; Glass; Magnet,,Needle; Dial,Navigation; Direction finding,Hold; Navigate; Check,,,,,Trail; Ship,China,Hiker; Navigator,,,Magnetic; Portable; Pocket-sized,,Cheap,,Ancient
Magnet,Artifact; Tool,,,Small,,,Iron; Steel,,,Holding,Hold; Pull,,,,,Fridge; Classroom,,Child; Scientist,,,Magnetic; Durable,,Cheap,,
Thermometer,Artifact; Tool; Measuring tool; Scientific instrument,,,Small,,,Glass,,Scale markings,Temperature measurement; Healthcare; Weather forecasting,Check; Measure; Shake,,,,,Hospital; Wall,,Nurse; Parent,,Shatters,Fragile; Calibrated; Handheld,,Cheap,,Industrial
Robot,Artifact; Electronic device; Machine,,,Large,,,Steel; Electronics,,Motor; Hydraulic arm,Manufacturing; Exploration,Code; Command; Build,Electricity; Battery,,,,Factory; Laboratory,,Engineer; Programmer,,,Programmable; Automatic,,Expensive,,Digital
Satellite,Artifact; Electronic device; Spacecraft; Communication device,,,Large,,,Aluminum; Electronics,,Antenna; Solar panel,Communication; Navigation; Weather forecasting,Launch,Solar,,Orbits,Very fast,Orbit; Space,,Scientist; Engineer,,,Remote-controlled; Automatic,,Expensive,,Modern
Elevator,Artifact; Machine; Fixture,,,Large,,,Steel,,Doors; Buttons; Cable,Vertical transport; Lifting; Mobility aid,Press; Ride,Electricity,,,,Hotel; Office,,Everyone; Elderly,,,Enclosed; Automatic; Fixed,,,,Industrial
