Word,Category,Color,Shape,Size,Texture,Temperature,State,Taste,Smell,Material,Covering,Process,Region,Time,Function,Location,Danger,Property,Sound,Action,Value
Pizza,Food; Dish; Fast food,,Round; Flat,Medium,Chewy,Hot,,Savory; Cheesy,Cheesy,Dough; Tomato; Cheese,Crust,Baked; Sliced,Italy,Dinner,,Restaurant,,,,,
Pasta,Food; Pasta; Staple food,Pale yellow,,,Firm,Hot,,Mild; Starchy,,Flour; Egg,,Boiled; Dried,Italy,Dinner,,,,,,,
Spaghetti,Food; Pasta,Pale yellow,Long; Thin,,Firm,Hot,,Mild; Starchy,,Flour; Water,,Boiled; Dried,Italy,Dinner,,,,,,,
Noodle,Food; Pasta; Staple food,Pale yellow,Long; Thin,,Soft,Hot,,Mild; Starchy,,Flour; Water,,Boiled; Stir-fried,China,,,,,,,,
Soup,Food; Dish,,,,Watery,Hot,Liquid,Savory,,Broth; Vegetables,,Simmered,,Dinner; Winter,Warmth,,Scalds,,Slurp,Sip,
Stew,Food; Dish,Brown,,,Tender,Hot,Liquid,Savory; Rich,Meaty,Broth; Vegetables; Meat,,Stewed; Simmered,,Dinner; Winter,Warmth,,,,,,
Curry,Food; Dish,Orange,,,Tender,Hot,Liquid,Spicy; Rich,Spicy,Spices; Vegetables; Meat,,Stewed; Simmered,India,Dinner,,Restaurant,,,,,
Salad,Food; Dish,Green,,,Crisp,Cold,,Refreshing; Tangy,Fresh,Lettuce; Vegetables; Oil,,,,Lunch; Summer,,,,,,,
Sandwich,Food; Dish; Snack,,Layered,Small,Soft,Cold,,Savory,,Bread; Cheese,,Layered; Sliced,Britain,Lunch,,Picnic,,,,,
Burger,Food; Dish; Fast food,Brown,Round; Layered,Small,Juicy,Hot,,Savory; Meaty,Meaty,Bread; Beef; Cheese,,Grilled; Layered,North America,Lunch,,Diner,Unhealthy,,,,
Hotdog,Food; Dish; Fast food,,Long,Small,Juicy,Hot,,Savory; Salty,Meaty,Bread,,Grilled,North America,Lunch,,Stadium,Unhealthy,,,,
Taco,Food; Dish; Fast food,Yellow,Curved,Small,Crunchy,Warm,,Spicy; Savory,Meaty,Corn; Lettuce,Shell,Fried; Folded; Filled,Mexico,Lunch,,,,,,,
Fries,Food; Fast food; Snack,Gold,Stick-shaped,Tiny,Crisp,Hot,,Salty; Starchy,Fried,Potato; Oil; Salt,,Deep-fried; Salted,,,Side dish; Dipping,,Unhealthy,,,,
Chips,Food; Snack,Gold,Thin; Disc-shaped,Tiny,Crunchy,,,Salty,,Potato; Oil; Salt,Wrapper,Deep-fried; Sliced; Salted,,,Snacking,Party,Unhealthy,,Crunch,,
Popcorn,Food; Snack,White,Irregular,Tiny,Crunchy,Warm,,Salty; Buttery,Buttery,Corn; Butter; Salt,,Popped; Salted,North America,,Snacking,,,,Pop,,
Porridge,Food; Dish; Breakfast food,Beige,,,Creamy,Hot,Soft solid,Bland,,Oats; Milk,,Boiled,Scotland,Breakfast,Warmth,,,,,,
Cereal,Food; Breakfast food,Gold,,Tiny,Crunchy,Cold,,Sweet; Toasty,,Corn; Sugar; Milk,,Toasted,North America,Breakfast,,,,,Crunch,,
Ketchup,Food; Condiment,Red,,,Viscous; Smooth,,Paste,Sweet; Tangy,Vinegary,Tomato; Vinegar; Sugar,,Blended; Bottled,North America,,Dipping; Topping,Table,,,,Squeeze,
Mustard,Food; Condiment,Yellow,,,Viscous; Smooth,,Paste,Pungent; Tangy,Pungent,Vinegar,,Ground; Bottled,France,,Topping; Seasoning,Table,,,,Spread,
Mayonnaise,Food; Condiment,Cream,,,Creamy; Smooth,Cold,Paste,Rich; Tangy,,Egg yolk; Oil; Vinegar,,Blended; Chilled,France,,Spreading; Dipping,Fridge,Unhealthy,,,Spread,
Vinegar,Food; Condiment,Colorless,,,Watery,,Liquid,Sour; Vinegary,Vinegary; Pungent,Grapes; Water,,Fermented; Bottled,,,Preserving; Seasoning; Cleaning,Cupboard,,Non-perishable,,Pour,
Oil,Food; Condiment,Gold,,,Oily; Slippery,,Liquid,Mild,,Seeds,,Pressed; Refined,Mediterranean,,Frying; Cooking,Kitchen,Fire hazard,Flammable,,Pour,
Steak,Food; Meat; Dish,Brown; Red,Flat; Thick,Small,Tender; Juicy,Hot,,Meaty; Savory,Meaty,Beef,,Grilled; Fried,,Dinner,,Restaurant; Barbecue,,,Sizzle,Cut; Chew,Expensive
Sausage,Food; Meat,Brown,Cylindrical; Long,Small,Juicy; Greasy,Hot,,Meaty; Salty,Meaty; Smoky,Pork; Spices; Fat,,Stuffed; Fried,Germany,Breakfast,,Barbecue,Unhealthy,,Sizzle,,
Bacon,Food; Meat; Cured meat; Breakfast food,Reddish-brown,Thin; Long,Small,Crisp; Greasy,Hot,,Salty; Smoky,Smoky; Fried,Pork; Salt,,Cured; Smoked; Fried,,Breakfast,Sandwich filling,,Unhealthy,,Sizzle,,
Ham,Food; Meat; Cured meat,Pink,Thin; Flat,Small,Tender; Moist,Cold,,Salty; Meaty,Meaty; Smoky,Pork; Salt,,Cured; Smoked; Sliced,,Lunch; Festive occasions,Sandwich filling; Topping,Fridge,Unhealthy,,,,
Sushi,Food; Dish,White; Pink,Rolled; Compact,Tiny,Sticky; Tender,Cold,,Savory; Tangy,Briny,Rice,,Eaten raw; Rolled; Sliced,Japan,Dinner,,Restaurant,Food poisoning,,,Dip,Expensive
Dumpling,Food; Dish,White,Crescent,Tiny,Soft; Juicy,Hot,,Savory; Meaty,Meaty,Dough; Pork,,Steamed; Filled; Folded,China,Lunch; Festive occasions,,Restaurant,,,,Dip,
Tofu,Food,White,Box-shaped,Small,Soft; Smooth,,Soft solid,Bland; Mild,Odorless,Soybeans; Water,,Curdled; Pressed; Stir-fried,China,,,,Allergenic,,,,
