Word,Category,Appearance,Shape,Size,Weight,Texture,Material,Parts,Function,Action,Power,Sound,Location,User,Danger,Property,Sociality,Temperature,Time,Emotion,Value,Era,Region
Chair,Artifact; Furniture; Seating,,,Medium,Light,Hard,Wood,Seat; Backrest; Legs,Sitting,Sit on,,Creak,Dining room; Kitchen,,,,,,,,,,
Stool,Artifact; Furniture; Seating,,Round,Medium,Light,Hard,Wood,Seat; Legs,Sitting,Sit on,,,Bar; Kitchen,,,,,,,,,,
Bench,Artifact; Furniture; Seating,,Long,Large,Heavy,Hard,Wood,Seat; Backrest; Legs,Sitting; Resting,Sit on,,,Park; Garden,,,,Shared,,,,,,
Armchair,Artifact; Furniture; Seating,,,Medium,Medium weight,Soft; Padded,Wood; Fabric,Seat; Backrest; Armrests; Cushions,Sitting; Resting,Sit on,,,Living room,,,Upholstered,,,,Comfort,,,
Sofa,Artifact; Furniture; Seating,,Long,Large,Heavy,Soft; Padded,Wood; Fabric,Seat; Backrest; Armrests; Cushions,Sitting; Resting,Sit on; Lie on,,,Living room,,,Upholstered,Shared,,,Comfort,,,
Table,Artifact; Furniture,,Flat,Large,Medium weight,Hard,Wood,Tabletop; Legs,Dining,Dine,,,Dining room; Kitchen,,,,Shared,,,,,,
Desk,Artifact; Furniture,,Flat,Large,Medium weight,Hard,Wood,Tabletop; Legs; Drawers,Studying,Work; Study,,,Office; Classroom,Office worker; Student,,,,,,,,,
Bed,Artifact; Furniture,,Rectangular; Flat,Large,Heavy,Soft,Wood,Frame; Mattress; Legs,Sleeping; Resting,Sleep in; Lie on,,Creak,Bedroom; Hotel,,,,,,Night,Comfort,,,
Crib,Artifact; Furniture,,Rectangular,Medium,Medium weight,,Wood,Frame; Mattress; Bars; Legs,Sleeping,Sleep in,,,Nursery,Baby,,,,,Night,,,,
Hammock,Artifact; Furniture,,Curved; Long,Medium,Light,Flexible,Rope; Canvas,Net,Resting; Relaxation,Lie on; Swing,,Creak,Garden; Beach,,Falls,Portable,,,Summer,Calm,,,
Mattress,Artifact; Bedding,,Rectangular; Thick,Large,Heavy,Soft; Springy,Foam; Fabric,Springs; Padding,Sleeping,Lie on,,,Bedroom; Hotel,,,,,,,Comfort,,,
Pillow,Artifact; Bedding,,Rectangular,Small,Light,Soft; Fluffy,Feathers; Fabric,Cover; Padding,Sleeping; Comfort,Lie on,,,Bedroom,,Allergenic,Washable,,,Night,Comfort,,,
Cushion,Artifact; Decoration,,Square,Small,Light,Soft; Padded,Foam; Fabric,Cover; Padding,Sitting; Comfort; Decoration,Sit on,,,Living room,,,Washable,,,,Comfort,,,
Blanket,Artifact; Bedding,,Rectangular; Flat,Medium,Light,Soft; Woolly,Wool,,Warmth; Comfort,Wrap; Fold,,,Bedroom; Picnic,,,Warm; Washable,,,Winter,Comfort,,,
Wardrobe,Artifact; Furniture; Storage furniture,,Box-shaped; Tall,Large,Heavy,Hard,Wood,Doors; Shelves; Rails,Storing clothes,Open,,Creak,Bedroom,,,Freestanding,,,,,,,
Cabinet,Artifact; Furniture; Storage furniture,,Box-shaped,Large,Medium weight,Hard,Wood,Doors; Shelves,Storing; Displaying,Open; Store,,,Living room; Office,,,Lockable,,,,,,,
Cupboard,Artifact; Furniture; Storage furniture,,Box-shaped,Large,Medium weight,Hard,Wood,Doors; Shelves,,Open; Store,,,Kitchen,,,Built-in; Wall-mounted,,,,,,,
Dresser,Artifact; Furniture; Storage furniture,,Box-shaped,Large,Medium weight,Hard,Wood,Drawers; Knob; Tabletop,Storing clothes,Pull,,Scraping,Bedroom,,Pinches,Freestanding,,,,,,,
Shelf,Artifact; Furniture; Storage furniture,,Flat; Long,Medium,Light,Hard,Wood,,Storing; Displaying,Display; Dust,,,Wall; Living room,,,Wall-mounted,,,,,,,
Bookcase,Artifact; Furniture; Storage furniture,,Box-shaped; Tall,Large,Heavy,Hard,Wood,Shelves; Frame,Storing books; Displaying,Store; Dust,,,Library; Living room,,,Freestanding,,,,,,,
Lamp,Artifact; Lighting; Light source,Glowing,,Small,Light,,Metal; Fabric,Bulb; Switch,Illumination; Reading,Switch on; Switch off,Electricity,Click,Bedside; Desk,,,Plug-in,,,Evening,,,,
Chandelier,Artifact; Lighting; Light source; Decoration,Glowing; Sparkling,Branching,Large,Heavy,,Brass,Bulb; Chain; Pendant,Illumination; Decoration,Switch on,Electricity,,Ceiling; Palace,,Shatters,Fragile,,,,Elegance,Luxury,,
Lantern,Artifact; Lighting; Light source,Glowing; Flickering,Cylindrical,Small,Light,,Metal; Glass,Handle; Wick; Glass pane,Illumination; Camping,Light; Carry; Hang,,Hiss,Campsite; Mine,,Fire hazard,Portable; Windproof,,,Night,,,Traditional,
Curtain,Artifact; Decoration,,Long,Medium,Light,Soft,Fabric,Rails; Pleats,Privacy; Shade,Hang,,Swish,Living room; Bedroom,,,Washable,,,Night,,,,
Carpet,Artifact; Floor covering,,Flat,Large,Heavy,Soft,Wool; Nylon,Fibers,Floor covering; Comfort,Step on; Vacuum,,,Floor; Living room,,Staining,Fixed,,,,,,,
Rug,Artifact; Floor covering; Decoration,Patterned,Flat; Rectangular,Medium,Light,Soft,Wool,Fibers; Fringe,Floor covering; Comfort; Decoration,Step on; Vacuum; Shake,,,Floor; Living room,,Staining; Tripping,Portable,,,,,,,Middle East
Door,Artifact; Fixture,,Rectangular; Flat; Tall,Large,Heavy,Hard,Wood,Hinges; Knob; Lock,Entry; Security,Open; Close,,Creak,Doorway; Hallway,,Pinches,Lockable; Hinged,,,,,,,
Gate,Artifact; Fixture,,Rectangular,Medium,Medium weight,Hard,Iron; Wood,Hinges; Lock; Bars,Entry; Security; Enclosure,Open; Close,,Creak; Clang,Garden,,Pinches,Lockable; Hinged,,,,,,,
Fence,Artifact; Fixture,,Long,Large,,Rough,Wood; Wire,Rails; Gate,Enclosure; Privacy,Climb; Paint,,,Garden; Pasture,,Splinters,Fixed,,,,,,,
Window,Artifact; Fixture,Transparent,Rectangular; Flat,Medium,Medium weight,Smooth,Glass; Wood,Glass pane; Frame; Hinges,,Open; Close; Look through,,Rattle,Wall,,Shatters; Falls,Fragile; Hinged,,,,,,,
Stairs,Artifact; Fixture,,Stepped; Sloped,Large,,Hard,Wood; Concrete,Rails,Vertical transport; Climbing,Climb; Step on,,Creak; Footsteps,Hallway,,Falls; Tripping,Fixed,,,,,,,
Fireplace,Artifact; Fixture; Heating device,Glowing; Flickering,Arched,Large,,Rough,Brick; Stone,Chimney; Grille; Flame,Heating; Comfort,Light; Warm hands,,Crackle,Living room,,Fire hazard; Burns,Built-in,,Hot,Winter; Evening,Comfort,,Traditional,
Radiator,Artifact; Fixture; Heating device,,Flat; Rectangular,Medium,Heavy,Ridged,Iron; Steel,Pipes; Valve,Heating; Drying,Turn; Warm hands,Gas,Gurgle,Wall,,Burns,Wall-mounted,,Warm,Winter,,,Industrial,
Fan,Artifact; Home appliance; Cooling device,,Round,Small,Light,,Plastic; Metal,Motor; Grille,Cooling,Switch on; Plug in,Electricity,Whir; Hum,Bedroom; Office,,,Plug-in,,Cool,Summer,,,,
Bathtub,Artifact; Fixture,,Oval; Deep,Large,Heavy,Smooth; Slippery,Steel,Tap; Plug,Bathing,Fill,,Splash,Bathroom,,Slipping; Drowning,Fixed; Waterproof,Private,Warm,Evening,Calm,,,
Shower,Artifact; Fixture,,Tall,Large,,Smooth; Slippery,Glass,Tap; Nozzle,,Rinse,,Patter,Bathroom; Gym,,Slipping; Scalds,Fixed; Waterproof,Private,Warm,Morning,,,,
Toilet,Artifact; Fixture,,Bowl-shaped,Medium,Heavy,Smooth; Hard,Porcelain,Seat; Bowl; Tank,,Sit on,,Flush,Bathroom,,,Fixed,Private,,,,,,
Mirror,Artifact; Decoration,Shiny,Flat,Medium,Light,Smooth,Glass; Wood,Frame,Reflection; Grooming,Check,,,Bathroom; Wall,,Shatters,Fragile; Wall-mounted,,,,,,,
Clock,Artifact; Timepiece,,Round,Small,Light,,Plastic; Glass,Clock face; Clock hands,Timekeeping,Read time; Set,Battery,Tick; Chime,Wall,,,Wall-mounted,,,Hours; Minutes,,,Medieval,
Vase,Artifact; Decoration; Container,,Tall; Hollow,Small,Light,Smooth,Ceramic; Glass,Neck; Base,Displaying; Decoration,Fill; Display,,,Table; Windowsill,,Shatters,Fragile,,,,Elegance,,Ancient,China; Greece
Painting,Artifact; Decoration,Colorful,Flat; Rectangular,Medium,Light,,Canvas; Paint; Wood,Frame,Decoration; Art,Admire; Hang,,,Wall,Artist,,Wall-mounted,,,,,Expensive,,
