Word,Category,Color,Appearance,Shape,Size,Covering,Sound,Movement,Speed,Location,Region,Diet,Parts,Behavior,Growth,Sociality,Time,Danger,Function
Ant,Living thing; Animal; Insect; Invertebrate; Social insect,Black,,,Tiny,Exoskeleton,,Crawls,,Underground,,Omnivore; Seeds,Six legs; Antennae; Mandibles,,Lays eggs; Metamorphosis,Colony,,Bites,
Termite,Living thing; Animal; Insect; Invertebrate; Social insect; Pest,White,,,Tiny,Exoskeleton,,Crawls,,Underground,,Herbivore; Wood,Six legs; Antennae; Mandibles,,Lays eggs,Colony,,,
Bee,Living thing; Animal; Insect; Invertebrate; Social insect,Yellow; Black,Striped,,Tiny,Exoskeleton,Buzz,Flies,,Hive,,Herbivore; Nectar,Six legs; Wings; Antennae; Stinger,Pollinates; Makes honey,Lays eggs; Metamorphosis,Colony,,Stings,Pollination; Honey source
Bumblebee,Living thing; Animal; Insect; Invertebrate; Social insect,Yellow; Black,Striped,Round,Tiny,Exoskeleton; Fuzz,Buzz,Flies,,Meadow,,Herbivore; Nectar,Six legs; Wings; Antennae; Stinger,Pollinates,Lays eggs; Metamorphosis,Colony,,Stings,Pollination
Wasp,Living thing; Animal; Insect; Invertebrate; Social insect; Predator; Pest,Yellow; Black,Striped,Slender,Tiny,Exoskeleton,Buzz,Flies,,Garden,,Omnivore; Insects,Six legs; Wings; Antennae; Stinger,Makes paper nest,Lays eggs; Metamorphosis,Colony,,Stings,
Hornet,Living thing; Animal; Insect; Invertebrate; Social insect; Predator,Yellow; Brown,Striped,,Tiny,Exoskeleton,Buzz,Flies,,Woodland,,Carnivore; Insects,Six legs; Wings; Antennae; Stinger,Makes paper nest,Lays eggs; Metamorphosis,Colony,,Stings,
Fly,Living thing; Animal; Insect; Invertebrate; Pest,Black,,,Tiny,Exoskeleton,Buzz,Flies,,Kitchen,,Scavenger; Garbage,Six legs; Wings; Compound eyes,,Lays eggs; Metamorphosis,,,Spreads disease,
Mosquito,Living thing; Animal; Insect; Invertebrate; Pest; Parasite,Gray,,Slender,Tiny,Exoskeleton,Whine,Flies,,Swamp,,Blood,Six legs; Wings; Proboscis,Sucks blood,Lays eggs; Metamorphosis,Swarm,Nocturnal,Bites; Spreads disease,
Butterfly,Living thing; Animal; Insect; Invertebrate,Orange,Colorful,,Tiny,Exoskeleton,,Flies; Flutters,,Garden,,Herbivore; Nectar,Six legs; Wings; Antennae; Proboscis,Pollinates,Lays eggs; Metamorphosis,Solitary,,,Pollination
Moth,Living thing; Animal; Insect; Invertebrate; Pest,Brown,Camouflaged,,Tiny,Exoskeleton,,Flies; Flutters,,Garden,,Herbivore; Nectar,Six legs; Wings; Antennae; Proboscis,,Lays eggs; Metamorphosis,Solitary,Nocturnal,,
Caterpillar,Living thing; Animal; Insect; Invertebrate; Pest,Green,Camouflaged,Long,Tiny,Skin,,Crawls,,,,Herbivore; Leaves,Many legs; Segmented body; Mandibles,,Metamorphosis; Larval stage,Solitary,,Damages crops,
Beetle,Living thing; Animal; Insect; Invertebrate,Black,Shiny,Oval,Tiny,Exoskeleton,,Crawls; Flies,,Forest,,Herbivore; Leaves,Six legs; Wing cases; Antennae,Plays dead,Lays eggs; Metamorphosis,Solitary,,,
Ladybug,Living thing; Animal; Insect; Invertebrate; Predator,Red; Black,Spotted,Round,Tiny,Exoskeleton,,Crawls; Flies,,Garden,,Carnivore; Aphids,Six legs; Wing cases; Antennae,Plays dead,Lays eggs; Metamorphosis,Solitary,,,Pest control
Firefly,Living thing; Animal; Insect; Invertebrate,Black,Glowing,,Tiny,Exoskeleton,,Flies,,Meadow,,Carnivore,Six legs; Wing cases; Antennae,Glows,Lays eggs; Metamorphosis,,Nocturnal,,
Grasshopper,Living thing; Animal; Insect; Invertebrate,Green,Camouflaged,,Tiny,Exoskeleton,Chirp,Jumps; Flies,,Meadow,,Herbivore; Grass,Six legs; Strong hind legs; Antennae,Chirps by rubbing,Lays eggs; Molts,Solitary,,,
Cricket,Living thing; Animal; Insect; Invertebrate,Black,,,Tiny,Exoskeleton,Chirp,Jumps; Crawls,,Meadow,,Omnivore; Seeds,Six legs; Strong hind legs; Antennae,Chirps by rubbing,Lays eggs; Molts,Solitary,Nocturnal,,Bait
Locust,Living thing; Animal; Insect; Invertebrate; Pest,Brown,,,Tiny,Exoskeleton,Chirp,Jumps; Flies,,Farmland,Africa,Herbivore,Six legs; Strong hind legs; Antennae,Swarms,Lays eggs; Molts,Swarm,,Damages crops; Famine,
Dragonfly,Living thing; Animal; Insect; Invertebrate; Predator,Blue,Iridescent,Long,Tiny,Exoskeleton,,Flies; Hovers,,Pond,,Carnivore; Insects,Six legs; Wings; Compound eyes,Hunts on the wing,Lays eggs; Metamorphosis,Solitary,,,Pest control
Cockroach,Living thing; Animal; Insect; Invertebrate; Pest,Brown,Shiny,Flat,Tiny,Exoskeleton,,Scurries,,Kitchen,,Scavenger; Garbage,Six legs; Wings; Antennae,Hides in cracks,Lays eggs; Molts,,Nocturnal,Spreads disease,
Flea,Living thing; Animal; Insect; Invertebrate; Pest; Parasite,Brown,,,Tiny,Exoskeleton,,Jumps,,Animal fur,,Blood,Six legs; Strong hind legs,Sucks blood,Lays eggs; Metamorphosis,,,Bites; Itching,
Mantis,Living thing; Animal; Insect; Invertebrate; Predator,Green,Camouflaged,Slender,Tiny,Exoskeleton,,Crawls,,Meadow,,Carnivore; Insects,Six legs; Compound eyes,Ambushes,Lays eggs; Molts,Solitary,,,Pest control
Cicada,Living thing; Animal; Insect; Invertebrate,Brown,,,Tiny,Exoskeleton,Buzz,Flies,,Tree,,Herbivore,Six legs; Wings; Compound eyes,Sings,Lays eggs; Molts,Swarm,Summer,,
Spider,Living thing; Animal; Arachnid; Invertebrate; Predator,Brown,,,Tiny,Exoskeleton,,Crawls,,,,Carnivore; Insects,Eight legs; Fangs; Many eyes,Spins web,Lays eggs; Molts,Solitary,,Bites; Venomous,Pest control
Scorpion,Living thing; Animal; Arachnid; Invertebrate; Predator,Tan,,,Tiny,Exoskeleton,,Crawls,,Desert,,Carnivore; Insects,Eight legs; Pincers; Stinger,Hides in cracks,Live birth; Molts,Solitary,Nocturnal,Stings; Venomous,
Tick,Living thing; Animal; Arachnid; Invertebrate; Pest; Parasite,Brown,,Flat,Tiny,Exoskeleton,,Crawls,,Animal fur,,Blood,Eight legs,Sucks blood,Lays eggs; Molts,,,Bites; Spreads disease,
Centipede,Living thing; Animal; Invertebrate; Predator,Brown,,Long,Tiny,Exoskeleton,,Scurries,,Soil,,Carnivore; Insects,Many legs; Segmented body; Antennae,Avoids light,Lays eggs; Molts,Solitary,Nocturnal,Bites; Venomous,
Worm,Living thing; Animal; Invertebrate,Pink,,Long,Tiny,Moist skin,,Burrows,,Soil,,,Segmented body,Tunnels; Avoids light,Lays eggs,,,,Bait; Fertilizer
Snail,Living thing; Animal; Mollusk; Invertebrate; Pest,Brown,,Coiled,Tiny,Shell,,Crawls,Very slow,Garden,,Herbivore; Leaves,Spiral shell; Foot; Eyestalks,Leaves slime trail; Retracts into shell,Lays eggs,,Nocturnal,Damages crops,Delicacy
Slug,Living thing; Animal; Mollusk; Invertebrate; Pest,Black,,Long,Tiny,Slime,,Crawls,Very slow,Garden,,Herbivore; Leaves,Foot; Eyestalks,Leaves slime trail,Lays eggs,,Nocturnal,Damages crops,
Snake,Living thing; Animal; Reptile; Snake; Predator,Green,Patterned,Long,Small,Scales,Hiss,Slithers,,Grassland,,Carnivore; Small mammals,Forked tongue; Fangs,Swallows prey whole,Lays eggs; Sheds skin,Solitary,,Bites,
Cobra,Living thing; Animal; Reptile; Snake; Predator,Brown,,Long,Medium,Scales,Hiss,Slithers,,Jungle,India,Carnivore; Small mammals,Forked tongue; Fangs; Hood,Swallows prey whole,Lays eggs; Sheds skin,Solitary,,Venomous; Deadly,
Python,Living thing; Animal; Reptile; Snake; Predator,Brown,Patterned,Long,Large,Scales,Hiss,Slithers; Climbs,,Jungle,,Carnivore; Small mammals,Forked tongue; Sharp teeth,Constricts prey,Lays eggs; Sheds skin,Solitary,Nocturnal,,Leather source
Rattlesnake,Living thing; Animal; Reptile; Snake; Predator,Brown,Patterned,Long,Medium,Scales,Rattle,Slithers,,Desert,North America,Carnivore; Small mammals,Forked tongue; Fangs; Rattle,Ambushes,Live birth; Sheds skin,Solitary,Nocturnal,Venomous,
Viper,Living thing; Animal; Reptile; Snake; Predator,Gray,Patterned,Thick,Small,Scales,Hiss,Slithers,,Woodland,Europe,Carnivore; Small mammals,Forked tongue; Fangs,Basks,Live birth; Sheds skin,Solitary,,Venomous,
Lizard,Living thing; Animal; Reptile; Lizard,Brown,,,Small,Scales,,Scurries; Climbs,,Rocks,,Insectivore; Insects,Long tail; Claws,Basks; Drops tail,Lays eggs; Sheds skin,Solitary,,,
Gecko,Living thing; Animal; Reptile; Lizard; Pet,Tan,Spotted,,Tiny,Scales,Chirp,Scurries; Climbs,,Wall,,Insectivore; Insects,Long tail,Drops tail,Lays eggs; Sheds skin,Solitary,Nocturnal,,Pest control
Iguana,Living thing; Animal; Reptile; Lizard; Pet,Green,,,Medium,Scales,,Climbs; Swims,,Jungle,South America,Herbivore; Leaves,Long tail; Claws; Crest,Basks,Lays eggs; Sheds skin,Solitary,,,
Chameleon,Living thing; Animal; Reptile; Lizard,Green,Camouflaged,,Small,Scales,,Climbs,,Jungle,Africa,Insectivore; Insects,Long tongue; Prehensile tail,Changes color; Shoots tongue,Lays eggs; Sheds skin,Solitary,,,
Crocodile,Living thing; Animal; Reptile; Crocodilian; Predator,,,Long,Large,Scales,Growl,Swims; Crawls,,River,Africa,Carnivore; Meat,Powerful jaws; Sharp teeth; Long tail,Ambushes; Basks,Lays eggs,,,Deadly,Leather source
Alligator,Living thing; Animal; Reptile; Crocodilian; Predator,Black,,Long,Large,Scales,Bellow,Swims; Crawls,,Swamp,North America,Carnivore; Meat,Powerful jaws; Sharp teeth; Long tail,Ambushes; Basks,Lays eggs,,,Bites,Leather source
Turtle,Living thing; Animal; Reptile,Green,,Oval,Large,Shell,,Swims,,Ocean,,Omnivore,Flippers; Beak,Homing,Lays eggs; Migrates,Solitary,,,
Tortoise,Living thing; Animal; Reptile; Pet,Brown,,Dome-shaped,Small,Shell,,Walks,Very slow,Scrubland,,Herbivore; Grass,Short legs; Beak; Claws,Retracts into shell,Lays eggs; Long-lived,Solitary,,,Companionship
Frog,Living thing; Animal; Amphibian,Green,,,Tiny,Moist skin,Croak,Jumps; Swims,,Pond,,Insectivore; Insects,Long tongue; Webbed feet,Shoots tongue,Lays eggs; Metamorphosis,,Nocturnal,,Pest control
Toad,Living thing; Animal; Amphibian,Brown,,,Tiny,Skin,Croak,Hops,,Garden,,Insectivore; Insects,Long tongue; Poison glands,Shoots tongue,Lays eggs; Metamorphosis,Solitary,Nocturnal,Poisonous,Pest control
Salamander,Living thing; Animal; Amphibian,Black; Yellow,Spotted,Long,Tiny,Moist skin,,Crawls,,Woodland,,Carnivore; Worms,Long tail; Short legs; Poison glands,Regenerates limbs,Lays eggs; Metamorphosis,Solitary,Nocturnal,Poisonous,
Newt,Living thing; Animal; Amphibian,Brown,Spotted,Long,Tiny,Moist skin,,Swims; Crawls,,Pond,,Carnivore; Worms,Flat tail; Short legs; Crest,Regenerates limbs,Lays eggs; Metamorphosis,Solitary,Nocturnal,Poisonous,
