Word,Category,Appearance,Shape,Size,Texture,Material,Parts,Function,Action,Power,Temperature,Sound,Location,User,Danger,Property,Region,Time,Era
Spoon,Artifact; Cutlery,,,Small,,Stainless steel,Handle; Bowl,Eating; Scooping,Scoop; Stir,,,,Table; Drawer,Everyone,,,,,
Teaspoon,Artifact; Cutlery,,,Tiny,,Stainless steel,Handle; Bowl,Measuring,Stir,,,Clink,Table; Drawer,Everyone,,,,,
Fork,Artifact; Cutlery,,,Small,,Stainless steel,Handle; Tines,Eating,Pick,,,,Table; Drawer,Everyone,Pricks,,,,
Knife,Artifact; Cutlery; Cutting tool,,,Small,Sharp,Stainless steel,Handle; Blade,Eating; Cutting,Cut; Spread,,,,Table; Drawer,Everyone,Cuts,,,,
Chopsticks,Artifact; Cutlery,,Thin; Stick-shaped,Small,,Wood; Bamboo,,Eating,Pick,,,,Table; Restaurant,Everyone,,Paired,China; Japan,,
Ladle,Artifact; Kitchen utensil,,Long,Small,,Stainless steel,Handle; Bowl,Serving; Scooping,Scoop; Pour,,,,Kitchen,Cook,,,,,
Spatula,Artifact; Kitchen utensil,,Flat,Small,,Plastic,Handle; Blade,,Flip,,,,Kitchen,Cook,,,,,
Whisk,Artifact; Kitchen utensil,,Teardrop,Small,,Stainless steel,Handle; Loop,Whisking; Mixing,Beat,Muscle,,,Kitchen,Cook; Baker,,,,,
Tongs,Artifact; Kitchen utensil,,Long,Small,,Stainless steel,Handle; Jaws; Hinges,Gripping; Serving,Squeeze,,,,Kitchen; Barbecue,Cook,,,,,
Cup,Artifact; Drinkware; Tableware,,Round; Hollow,Small,Smooth,Ceramic,Handle; Rim,Drinking,Sip; Fill,,Hot,Clink,Table; Cupboard,Everyone,,Fragile,,,
Mug,Artifact; Drinkware,,Cylindrical; Hollow,Small,Smooth,Ceramic,Handle; Rim,Drinking,Sip; Fill,,Hot,,Desk; Cupboard,Everyone,,Fragile,,,
Glass,Artifact; Drinkware; Tableware,Transparent,Cylindrical; Hollow,Small,Smooth,Glass,Rim; Base,Drinking,Sip; Fill,,Cold,Clink,Table; Cupboard,Everyone,Shatters; Cuts,Fragile,,,
Goblet,Artifact; Drinkware; Tableware,Transparent,Bowl-shaped; Hollow,Small,Smooth,Glass,Rim; Stem; Base,Drinking,Sip,,,Clink; Ringing,Table; Dining room,,Shatters,Fragile,,,
Bottle,Artifact; Container,Transparent,Cylindrical; Hollow,Small,Smooth,Glass; Plastic,Neck; Screw cap,Storing; Pouring,Pour; Open,,,Clink,Fridge; Cellar,Everyone,Shatters,Recyclable,,,
Jar,Artifact; Container,Transparent,Cylindrical; Hollow,Small,Smooth,Glass,Lid,Storing; Preserving,Open; Twist,,,Pop,Cupboard,Everyone,Shatters,Recyclable; Airtight,,,
Jug,Artifact; Container; Tableware,,Hollow,Small,Smooth,Ceramic; Glass,Handle; Spout,Pouring; Serving,Pour; Fill,,,,Table,,Shatters,Fragile,,,
Teapot,Artifact; Container; Tableware,,Round; Hollow,Small,Smooth,Porcelain,Handle; Spout; Lid,Brewing; Pouring,Pour,,Hot,,Table,,Scalds,Fragile,,,
Kettle,Artifact; Cookware; Kitchen appliance,,Round; Hollow,Small,Smooth,Stainless steel,Handle; Spout; Lid; Heating element,Boiling,Fill; Switch on; Pour,Electricity,Hot,Whistle; Bubbling,Kitchen,Everyone,Scalds,,,,
Thermos,Artifact; Container,,Cylindrical; Hollow,Small,Smooth,Stainless steel,Screw cap,Keeping cold,Pour; Carry,,Hot,,Picnic; Campsite,Hiker,,Insulating; Portable,,,
Pot,Artifact; Cookware,,Cylindrical; Deep,Small,,Stainless steel,Handle; Lid,Boiling; Cooking,Stir,,Hot,Bubbling,Stove; Kitchen,Cook,Scalds; Burns,Heat-resistant,,,
Pan,Artifact; Cookware,,Round; Shallow,Small,,Stainless steel,Handle,Frying; Cooking,Fry; Flip,,Hot,Sizzle,Stove; Kitchen,Cook,Burns,Heat-resistant,,,
Wok,Artifact; Cookware,,Round; Bowl-shaped,Small,,Steel,Handle,Frying; Cooking,Fry; Stir,,Hot,Sizzle,Stove; Kitchen,Cook,Burns,Heat-resistant,China,,
Plate,Artifact; Tableware,,Round; Flat,Small,Smooth,Ceramic,Rim,Serving; Eating,Serve; Stack,,,Clatter,Table; Cupboard,Everyone,Shatters,Fragile; Stackable,,,
Bowl,Artifact; Tableware,,Round; Deep,Small,Smooth,Ceramic,Rim; Base,Serving; Eating; Mixing,Serve; Fill,,,,Table; Cupboard,Everyone,Shatters,Fragile; Stackable,,,
Saucer,Artifact; Tableware,,Round; Shallow,Small,Smooth,Ceramic,Rim,Holding,,,,Clink,Table; Cupboard,Everyone,Shatters,Fragile; Stackable,,,
Tray,Artifact; Tableware,,Rectangular; Flat,Medium,,Metal; Plastic,Handle; Rim,Carrying; Serving,Carry; Serve,,,Clatter,Restaurant,Waiter,,Stackable,,,
Colander,Artifact; Kitchen utensil,,Bowl-shaped,Small,,Stainless steel,Handle; Holes,Draining,Pour; Rinse,,,,Sink,Cook,,,,,
Sieve,Artifact; Kitchen utensil,,Bowl-shaped,Small,,Stainless steel; Mesh,Handle; Holes,,Shake,,,,Kitchen,Baker,,,,,
Grater,Artifact; Kitchen utensil,,Box-shaped,Small,Rough; Sharp,Stainless steel,Handle; Holes; Teeth,,Rub,Muscle,,Scraping,Kitchen,Cook,Cuts,,,,
Peeler,Artifact; Kitchen utensil,,,Small,Sharp,Stainless steel; Plastic,Handle; Blade,,,Muscle,,Scraping,Drawer,Cook,Cuts,,,,
Corkscrew,Artifact; Kitchen utensil,,Coiled; Pointed,Small,,Stainless steel,Handle; Screw thread; Lever,Opening,Twist,Muscle,,Pop,Drawer; Bar,Waiter; Bartender,Pricks,,,,
Funnel,Artifact; Kitchen utensil,,Conical; Hollow,Small,Smooth,Plastic,Spout; Rim,Pouring,Pour; Fill,Gravity,,,Kitchen; Garage,,,,,,
Scale,Artifact; Kitchen utensil; Measuring tool,,Flat,Small,,Plastic; Steel,Display; Bowl,Weighing; Measuring,,Battery,,Beep,Kitchen; Market,Baker,,Calibrated,,,
Napkin,Artifact; Tableware,,Square,Small,Soft,Paper,,Wiping,Wipe; Fold,,,,Table; Restaurant,Everyone,,Absorbent; Disposable,,,
Oven,Artifact; Kitchen appliance,,Box-shaped,Medium,,Steel; Glass,Door; Knob; Heating element,Baking,Bake,Electricity; Gas,Hot,Hum,Kitchen,Cook; Baker,Burns,Built-in,,,
Stove,Artifact; Kitchen appliance,,Box-shaped,Medium,,Steel,Knob,Frying; Boiling,Cook,Gas; Electricity,Hot,Hiss,Kitchen,Cook,Burns; Fire hazard,Built-in,,,
Microwave,Artifact; Kitchen appliance,,Box-shaped,Medium,,Steel; Plastic,Door; Buttons,Heating,Heat; Press,Electricity,,Hum; Beep,Kitchen; Office,Everyone,,Plug-in,,,Modern
Toaster,Artifact; Kitchen appliance,,Box-shaped,Small,,Steel; Plastic,Slots; Lever; Heating element,,Press,Electricity,Hot,Pop,Kitchen,Everyone,Burns; Electric shock,Plug-in,,Breakfast,
Blender,Artifact; Kitchen appliance,,Tall,Small,,Plastic; Steel,Blades; Lid; Motor,,Press; Pour,Electricity,,Whir; Grinding,Kitchen; Cafe,Cook,Cuts,Plug-in,,,
Mixer,Artifact; Kitchen appliance,,,Small,,Steel; Plastic,Bowl; Motor; Switch,Mixing; Whisking,Mix; Switch on,Electricity,,Whir,Kitchen; Bakery,Baker,,Plug-in,,,
Refrigerator,Artifact; Kitchen appliance; Home appliance; Cooling device,,Box-shaped; Tall,Large,,Steel; Plastic,Door; Shelves; Compressor,Keeping cold; Food storage,Open; Store,Electricity,Cold,Hum,Kitchen,Everyone,,Insulating,,,
Freezer,Artifact; Kitchen appliance; Home appliance; Cooling device,,Box-shaped,Large,,Steel; Plastic,Door; Drawers; Compressor,Food storage,Store,Electricity,Freezing,Hum,Kitchen; Garage,Everyone,,Insulating,,,
Dishwasher,Artifact; Kitchen appliance; Home appliance,,Box-shaped,Medium,,Steel; Plastic,Door,Dishwashing,Load; Unload,Electricity,Hot,Sloshing; Hum,Kitchen,Everyone,,Built-in; Automatic,,,
Sink,Artifact; Fixture,,Bowl-shaped,Medium,Smooth,Stainless steel,Tap; Plug; Bowl,Dishwashing; Handwashing,Wash; Rinse,,,Gurgle; Drip,Kitchen; Bathroom,Everyone,,Fixed,,,
