Word,Category,Color,Appearance,Shape,Size,Weight,Texture,Covering,Material,Temperature,Smell,Parts,Function,Action,Sound,Movement,Speed,Behavior,Location,Climate,Region,Danger,Emotion,Time
Mountain,Place; Natural feature; Landform,,,Tall; Steep,Gigantic,,,Snow,Rock,,,Peak; Slopes,Tourism; Hiking; Skiing,Climb; Hike; Ski,Echo,,,,,Cold,,Falls; Avalanche risk,Awe,
Hill,Place; Natural feature; Landform,,,Round; Sloped,Huge,,,Grass,Rock; Soil,,,Slopes,Hiking; Grazing,Climb; Hike; Sled,,,,,,Temperate,,Falls,Calm,
Volcano,Place; Natural feature; Landform,,,Conical; Steep,Gigantic,,,,Rock; Lava,Hot,Sulfurous,Crater; Slopes,Tourism,Climb; Observe; Evacuate,Rumble; Boom,,,Erupts; Smolders,,,,Burns; Destructive,Awe; Fear,
Valley,Place; Natural feature; Landform,,,Wide; Deep,Gigantic,,,Grass; Trees,Rock; Soil,,,Slopes,Hiking; Grazing; Farming,Hike,Echo,,,,,Mild,,Flooding,Calm; Peace,
Canyon,Place; Natural feature; Landform,Red,,Narrow; Deep; Steep,Gigantic,,,,Rock,,,,Tourism; Hiking,Hike; Admire; Photograph,Echo,,,,,Arid,,Falls; Rockfall,Awe,
Cliff,Place; Natural feature; Landform,,,Tall; Steep,Huge,,,,Rock,,,,Tourism,Climb; Admire,,,,,Coast,Windy,,Falls; Rockfall,Awe; Fear,
Cave,Place; Natural feature; Landform,,Dark,Hollow; Deep,Huge,,Wet,,Rock,Cool,Damp,,Tourism; Exploration; Shelter,Explore,Echo; Drip,,,,Underground; Cave,,,Getting lost; Collapse,Mystery; Fear,
Boulder,Natural feature,Gray,,Round; Bulky,Large,Very heavy,Hard; Rough,Moss,Rock,,,,,Climb; Sit on,,,,,Mountain; Hillside,,,Rockfall; Crushes,,
Pebble,Natural feature,Gray,,Round,Tiny,Light,Hard; Smooth,,Rock,,,,Paving; Decoration,Throw; Pick,,,,,Beach; Riverbank,,,Choking hazard,,
Glacier,Place; Natural feature; Landform,White; Blue,,,Gigantic,,Hard; Slippery,,Ice; Snow,Freezing,,,Tourism; Drinking water,Climb; Hike,,Flows,Very slow,Melts,Mountain; Polar ice,Polar,,Falls; Frostbite,Awe,
Iceberg,Natural feature,White; Blue,,,Gigantic,,Hard; Slippery,,Ice,Freezing,,,,Observe; Avoid,,Floats; Drifts,Very slow,Melts,Ocean; Polar ice,Polar,,Collision; Sinking,Awe,
Island,Place; Natural feature; Coastal feature; Landform,,,,Gigantic,,,Trees,Rock; Sand,,Briny,,Tourism; Fishing,Sail; Explore; Visit,Surf,,,,Ocean; Sea,Tropical,,,Freedom; Loneliness,
Beach,Place; Natural feature; Coastal feature,Tan,,Flat; Long,Huge,,Grainy; Soft,,Sand,Warm,Briny,,Tourism; Swimming; Recreation,Swim; Sunbathe; Dig,Surf,,,,Coast,Sunny,,Sunburn; Drowning,Joy; Freedom,Summer
Coast,Place; Natural feature; Coastal feature,,,Long; Winding,Vast,,,,Rock; Sand,,Briny,,Tourism; Fishing; Shipping,Sail; Stroll,Surf,,,,Ocean; Sea,Windy,,Drowning; Flooding,Freedom,
Reef,Place; Natural feature; Coastal feature,Multicolored,,Shallow,Gigantic,,Hard; Rough; Sharp,,Limestone,,Briny,,Tourism; Fishing; Nature conservation,Dive; Swim; Observe,Surf,,,,Ocean; Reef,Tropical,,Cuts; Sinking,Wonder,
Desert,Place; Natural feature; Biome,Tan,,Flat,Vast,,Dry; Grainy,,Sand; Rock,Hot,,,Solar power,Ride; Explore,Quiet,,,,,Arid; Sunny,Africa; Middle East,Dehydration; Heatstroke; Getting lost,Awe; Loneliness,
Dune,Place; Natural feature; Landform,Tan,,Curved; Sloped,Huge,,Dry; Grainy,,Sand,Hot,,,,Climb; Slide,,Drifts,,,Desert; Beach,Arid; Windy,,,Awe,
Oasis,Place; Natural feature,,,,Huge,,,Trees,Water,,,,Drinking water; Shade; Farming,Drink; Visit,,,,,Desert,Arid,,,Hope; Calm,
Forest,Place; Natural feature; Biome,Green,,,Vast,,,Trees; Moss,,,Earthy; Piney,,Nature conservation; Timber; Hunting; Hiking,Hike; Camp; Hunt,Birdsong; Rustle,,,,,Temperate,,Getting lost; Fire hazard,Calm; Mystery,
Jungle,Place; Natural feature; Biome,Green,,,Vast,,,Trees; Vegetation,,,Earthy; Damp,,Nature conservation; Timber; Exploration,Hike; Explore,Birdsong; Buzz,,,,,Tropical; Humid; Rainy,South America; Africa; Southeast Asia,Getting lost; Bites; Spreads disease,Awe; Mystery,
Savanna,Place; Natural feature; Biome,Tan,,Flat,Vast,,,Grass,,,,,Nature conservation; Grazing; Tourism,Observe; Photograph,,,,,,Tropical,Africa,Heatstroke; Fire hazard,Freedom; Awe,
Prairie,Place; Natural feature; Biome,Green; Tan,,Flat,Vast,,,Grass,,,,,Nature conservation; Grazing; Farming,Ride,Rustle,,,,,Temperate; Windy,North America,Fire hazard,Freedom,
Tundra,Place; Natural feature; Biome,White; Brown,,Flat,Vast,,,Snow; Moss,,Freezing,,,Nature conservation; Grazing,Herd,,,,,,Polar; Windy,Arctic,Frostbite; Hypothermia,Loneliness,
Meadow,Place; Natural feature; Farmland,Green,,Flat,Huge,,,Grass,,,Grassy; Floral,,Grazing; Fodder; Recreation,Stroll; Picnic,Birdsong; Buzz,,,,Countryside,Temperate,,,Calm; Joy,Spring; Summer
Field,Place; Natural feature; Farmland,Green; Yellow,,Flat,Huge,,,Vegetation,Soil,,Earthy,,Farming; Growing food,Sow; Harvest,,,,,Countryside; Farm,Temperate,,,Calm,Summer; Autumn
Swamp,Place; Natural feature; Wetland,Dark green; Brown,Murky,Flat; Shallow,Huge,,Wet,Trees,Water; Mud,,Damp,,Nature conservation,Paddle; Observe,Croak; Buzz,,,,,Humid,,Drowning; Spreads disease; Bites,Mystery; Fear,
Marsh,Place; Natural feature; Wetland,Green; Brown,Murky,Flat; Shallow,Huge,,Wet,Grass,Water; Mud,,Damp,,Nature conservation,Wade; Observe,Croak; Buzz,,,,,Humid,,Drowning; Spreads disease,Mystery; Calm,
River,Place; Natural feature; Body of water; Waterway,,,Long; Winding,Gigantic,,Wet,,Water,,,,Fishing; Drinking water; Irrigation; Boating,Swim; Cross,Rushing,Flows,,,Valley,,,Drowning; Flooding,Calm,
Stream,Place; Natural feature; Body of water; Waterway,,,Narrow; Winding,Large,,Wet,,Water,,,,Fishing; Drinking water,Wade; Cross,Babble,Flows,,,Valley,,,Flooding,Calm,
Lake,Place; Natural feature; Body of water,,,Deep,Gigantic,,Wet,,Water,,,,Fishing; Boating,Swim; Skate,Lapping,Still,,Freezes,Countryside; Valley,,,Drowning,Calm; Peace,
Pond,Place; Natural feature; Body of water,,,Shallow,Large,,Wet,,Water,,,,Fishing,Wade; Skate,Croak,Still,,Freezes,Countryside; Park,,,Drowning,Calm; Peace,
Sea,Place; Natural feature; Body of water,Blue,,,Vast,,Wet,,Salt water,,Briny,,Fishing; Shipping; Swimming,Swim; Sail,Surf; Crash,,,Ebbs and flows,,,,Drowning; Strong currents,Freedom; Calm,
Ocean,Place; Natural feature; Body of water,Blue,,Deep,Vast,,Wet,,Salt water,,Briny,,Fishing; Shipping,Sail; Explore,Surf; Crash,,,Ebbs and flows,,,Atlantic,Drowning; Sinking,Freedom; Awe,
Waterfall,Place; Natural feature,,Foamy,Tall; Steep,Huge,,Wet,,Water; Rock,,,,Tourism,Admire; Photograph,Roar; Splash,Falls,Fast,,River; Mountain,,,Slipping; Drowning,Awe,
Geyser,Place; Natural feature,,,Tall,Huge,,Wet,,Water; Water vapor,Hot,Sulfurous,,Tourism,Observe; Photograph,Roar; Hiss,Rises,Fast,Erupts,,,,Scalds,Awe; Wonder,
