Word,Category,Color,Shape,Size,Material,Parts,Function,Action,BodyPart,Sound,Power,Location,User,Danger,Property,Value,Era,Region,Time,Emotion
Violin,Artifact; Musical instrument; String instrument; Bowed string,,Figure-eight,Small,Wood,Strings; Bow; Neck,Classical music; Melody,Bow; Finger,Fingers; Shoulders,High-pitched,,Orchestra; Concert hall,Orchestra musician,,Acoustic; Fretless,Expensive,Traditional,,,
Viola,Artifact; Musical instrument; String instrument; Bowed string,,Figure-eight,Small,Wood,Strings; Bow; Neck,Classical music; Harmony,Bow; Finger,Fingers; Shoulders,Mellow,,Orchestra; Concert hall,Orchestra musician,,Acoustic; Fretless,Expensive,Traditional,,,
Cello,Artifact; Musical instrument; String instrument; Bowed string,,Figure-eight,Medium,Wood,Strings; Bow; Neck,Classical music; Bass line,Bow; Finger,Fingers,Low-pitched; Warm,,Orchestra; Concert hall,Orchestra musician,,Acoustic; Fretless,Expensive,Traditional,,,
Contrabass,Artifact; Musical instrument; String instrument; Bowed string,,Figure-eight,Large,Wood,Strings; Bow; Neck,Classical music; Jazz,Bow; Pluck,Fingers; Arms,Low-pitched; Deep,,Orchestra; Club,Orchestra musician,,Acoustic; Fretless,Expensive,Traditional,,,
Guitar,Artifact; Musical instrument; String instrument; Plucked string,,Figure-eight,Medium,Wood,Strings; Neck; Frets,Folk music; Pop music,Strum; Pluck,Fingers; Lap,Strum; Mellow,,Band; Campsite,,,Acoustic; Fretted,Affordable,Traditional,,,
Banjo,Artifact; Musical instrument; String instrument; Plucked string,,Round,Medium,Wood; Skin membrane,Strings; Neck; Frets,Folk music,Strum; Pluck,Fingers; Lap,Bright,,Band,Folk musician,,Acoustic; Fretted,Affordable,Traditional,,,
Ukulele,Artifact; Musical instrument; String instrument; Plucked string,,Figure-eight,Small,Wood,Strings; Neck; Frets,Folk music; Accompaniment,Strum; Pluck,Fingers,Strum; Bright,,Beach; Classroom,Child,,Acoustic; Fretted,Cheap,Industrial,,,
Harp,Artifact; Musical instrument; String instrument; Plucked string,,Triangular,Large,Wood,Strings; Frame; Pedals,Classical music; Folk music,Pluck,Fingers; Feet,Melodic; Mellow,,Orchestra; Wedding,Orchestra musician,,Acoustic,Expensive,Ancient,,,
Piano,Artifact; Musical instrument; Keyboard instrument; String instrument,,Box-shaped,Large,Wood; Steel,Keys; Strings; Pedals,Classical music; Jazz,Press keys; Pedal,Fingers; Feet,Melodic,,Concert hall; Living room,,,Acoustic; Polyphonic,Expensive,Traditional,,,
Organ,Artifact; Musical instrument; Keyboard instrument; Wind instrument,,Tall,Huge,Wood; Tin,Keys; Pipes; Pedals,Classical music,Press keys; Pedal,Fingers; Feet,Deep; Loud,Electricity,Church; Concert hall,,,Polyphonic; Built-in,Expensive,Medieval,,,
Accordion,Artifact; Musical instrument; Keyboard instrument; Wind instrument; Reed instrument,,Box-shaped,Medium,Wood; Metal,Keys; Buttons,Folk music; Dance music,Press keys; Squeeze,Fingers; Arms,Reedy; Nasal,,Street; Festival,Folk musician,,Polyphonic; Portable,,Industrial,,,
Harmonica,Artifact; Musical instrument; Wind instrument; Reed instrument,,Rectangular,Tiny,Metal; Plastic,Reed; Holes; Cover,Folk music; Blues,Blow,Mouth; Lips,Reedy,Breath,Pocket; Band,Folk musician,,Pocket-sized; Portable,Cheap,Industrial,,,
Synthesizer,Artifact; Musical instrument; Keyboard instrument; Electronic device,,Flat,Medium,Plastic; Electronics,Keys; Buttons; Knob,Pop music; Dance music,Press keys; Plug in,Fingers,Buzz; Beep,Electricity,Studio; Stage,Musician,,Polyphonic,,Modern,,,
Flute,Artifact; Musical instrument; Wind instrument; Woodwind,,Tubular,Small,Silver,Keys; Mouthpiece,Classical music; Melody,Blow; Finger,Lips; Fingers,High-pitched,Breath,Orchestra; Concert hall,Orchestra musician,,Acoustic; Monophonic,,Prehistoric,,,
Piccolo,Artifact; Musical instrument; Wind instrument; Woodwind,,Tubular,Tiny,Wood,Keys; Mouthpiece,Classical music; Military music,Blow; Finger,Lips; Fingers,High-pitched; Shrill,Breath,Orchestra; Marching band,Orchestra musician,,Acoustic; Monophonic,,Traditional,,,
Recorder,Artifact; Musical instrument; Wind instrument; Woodwind,,Tubular,Small,Plastic; Wood,Mouthpiece,Children music; Classical music,Blow; Finger,Mouth; Fingers,High-pitched; Whistle,Breath,Classroom,Child,,Acoustic; Monophonic,Cheap,Medieval,,,
Clarinet,Artifact; Musical instrument; Wind instrument; Woodwind; Reed instrument,,Tubular,Small,Wood,Keys; Mouthpiece; Reed,Classical music; Jazz,Blow; Finger,Lips; Fingers,Mellow; Reedy,Breath,Orchestra; Band,Orchestra musician,,Acoustic; Monophonic,,Traditional,,,
Oboe,Artifact; Musical instrument; Wind instrument; Woodwind; Reed instrument,,Tubular,Small,Wood,Keys; Reed; Flared bell,Classical music,Blow; Finger,Lips; Fingers,Nasal; Reedy,Breath,Orchestra; Concert hall,Orchestra musician,,Acoustic; Monophonic,Expensive,Traditional,,,
Bassoon,Artifact; Musical instrument; Wind instrument; Woodwind; Reed instrument,,Tubular,Medium,Wood,Keys; Reed; Strap,Classical music; Bass line,Blow; Finger,Lips; Fingers,Low-pitched; Reedy,Breath,Orchestra; Concert hall,Orchestra musician,,Acoustic; Monophonic,Expensive,Traditional,,,
Saxophone,Artifact; Musical instrument; Wind instrument; Woodwind; Reed instrument,,Curved,Medium,Brass,Keys; Mouthpiece; Reed,Jazz; Blues,Blow; Finger,Lips; Fingers,Brassy; Reedy,Breath,Band; Club,,,Acoustic; Monophonic,Expensive,Industrial,,,
Bagpipe,Artifact; Musical instrument; Wind instrument; Reed instrument,,Irregular,Medium,Wood; Animal hide,Pipes; Reed; Mouthpiece,Folk music; Military music,Blow; Squeeze,Arms; Fingers,Loud,Breath,Parade,,,Acoustic,,Medieval,,,
Whistle,Artifact; Wind instrument,,Compact,Tiny,Metal; Plastic,Mouthpiece; Slot,Signaling; Sports,Blow,Lips; Lungs,Whistle; Shrill,Breath,Sports field; Pool,Referee,,Pocket-sized,Cheap,Industrial,,,
Trumpet,Artifact; Musical instrument; Wind instrument; Brass instrument,,Coiled,Small,Brass,Mouthpiece; Valves; Flared bell,Classical music; Jazz,Blow; Press,Lips; Fingers,Brassy; Bright,Breath,Orchestra; Band,Orchestra musician,,Acoustic; Monophonic,,Ancient,,,
Bugle,Artifact; Musical instrument; Wind instrument; Brass instrument,,Coiled,Small,Brass; Copper,Mouthpiece; Flared bell,Military music; Signaling,Blow,Lips; Lungs,Brassy; Bright,Breath,Barracks; Parade,,,Acoustic; Monophonic,Affordable,Traditional,,,
Trombone,Artifact; Musical instrument; Wind instrument; Brass instrument,,Long,Medium,Brass,Mouthpiece; Slide; Flared bell,Classical music; Jazz,Blow; Slide,Lips; Arms,Brassy; Deep,Breath,Orchestra; Band,Orchestra musician,,Acoustic; Monophonic,,Medieval,,,
Tuba,Artifact; Musical instrument; Wind instrument; Brass instrument,,Coiled,Large,Brass,Mouthpiece; Valves; Flared bell,Classical music; Bass line,Blow; Press,Lips; Fingers,Brassy; Low-pitched,Breath,Orchestra; Marching band,Orchestra musician,,Acoustic; Monophonic,Expensive,Industrial,,,
Horn,Artifact; Musical instrument; Wind instrument; Brass instrument,,Coiled,Small,Brass,Mouthpiece; Valves; Flared bell,Classical music; Harmony,Blow; Press,Lips; Fingers,Mellow; Warm,Breath,Orchestra; Concert hall,Orchestra musician,,Acoustic; Monophonic,Expensive,Traditional,,,
Drum,Artifact; Musical instrument; Percussion,,Cylindrical,Medium,Wood; Skin membrane,Drumhead; Sticks; Rim,Rhythm; Rock music,Strike; Beat,Hands; Arms,Boom; Rhythmic,,Band; Marching band,Drummer,,Acoustic,Affordable,Prehistoric,,,
Tambourine,Artifact; Musical instrument; Percussion,,Round,Small,Wood; Brass,Drumhead; Frame,Rhythm; Dance music,Shake; Strike,Hands,Jingle; Rhythmic,,Band; Festival,Singer,,Acoustic; Handheld,Cheap,Ancient,,,
Maracas,Artifact; Musical instrument; Percussion,,Oval,Small,Wood; Seeds,Handle,Rhythm; Dance music,Shake,Hands,Rattle; Rhythmic,,Band; Festival,Singer,,Acoustic; Handheld,Cheap,Ancient,,,
Cymbal,Artifact; Musical instrument; Percussion,,Disc-shaped,Medium,Bronze,Bell; Edge,Rhythm; Rock music,Strike; Clap,Hands; Arms,Crash; Ringing,,Band; Orchestra,Drummer,,Acoustic,,Ancient,,,
Gong,Artifact; Musical instrument; Percussion,,Disc-shaped,Medium,Bronze,Frame; Rim,Signaling; Worship,Strike,Arms,Deep; Ringing,,Orchestra,Orchestra musician,,Acoustic,,Ancient,,,
Bell,Artifact; Musical instrument; Percussion,,Bell-shaped,Large,Bronze,Tongue; Rope,Signaling; Worship,Strike,Arms,Ringing; Toll,,Church; School,,,Durable; Tuned,,Ancient,,,
Xylophone,Artifact; Musical instrument; Percussion,,Flat,Medium,Wood,Bars; Sticks; Frame,Melody; Children music,Strike; Tap,Hands,Bright; Melodic,,Orchestra; Classroom,Child,,Acoustic; Tuned,,Ancient,,,
Triangle,Artifact; Musical instrument; Percussion,,Triangular,Small,Steel,Sticks; Loop,Children music,Strike; Hold,Hands,Ding; High-pitched,,Orchestra; Classroom,Child,,Acoustic; Handheld,Cheap,Medieval,,,
