Word,Category,Shape,Size,Weight,Texture,Material,Parts,Function,Action,Power,Sound,Location,User,Danger,Property,Time,Era
Hammer,Artifact; Tool; Hand tool; Striking tool,T-shaped,Small,Light,,Steel; Wood,Handle; Head; Claw,,Swing,Muscle,Bang,Toolbox,Carpenter,,,,
Mallet,Artifact; Tool; Hand tool; Striking tool,T-shaped,Small,Light,,Wood,Handle; Head,,Swing,Muscle,Thud,Workshop,Carpenter,,,,
Axe,Artifact; Tool; Hand tool; Cutting tool,,Medium,Light,,Steel; Wood,Handle; Head; Blade,Chopping,Swing,Muscle,Chop,Shed,Lumberjack,Cuts,,,
Hatchet,Artifact; Tool; Hand tool; Cutting tool,,Small,Light,,Steel; Wood,Handle; Head; Blade,Chopping,Swing,Muscle,Chop,Campsite,Camper,Cuts,,,
Pickaxe,Artifact; Tool; Hand tool; Digging tool,T-shaped; Pointed,Medium,Light,,Steel; Wood,Handle; Head; Tip,Digging; Mining,Swing,Muscle,Clang,Mine; Quarry,Miner,Flying debris,,,
Saw,Artifact; Tool; Hand tool; Cutting tool,Flat,Small,Light,,Steel; Wood,Handle; Blade; Teeth,Sawing,Push; Pull,Muscle,Sawing,Toolbox,Carpenter,Cuts,,,
Chainsaw,Artifact; Tool; Power tool; Cutting tool,,Medium,Medium weight,,Steel; Plastic,Handle; Chain; Engine,Sawing; Logging,Hold,Gasoline,Roar,Forest,Lumberjack,Cuts,,,
Chisel,Artifact; Tool; Hand tool; Cutting tool,Long,Small,Light,,Steel; Wood,Handle; Blade,Carving,Push,Muscle,Tapping,Workshop,Carpenter,Cuts,,,
Screwdriver,Artifact; Tool; Hand tool,Long,Small,Light,,Steel; Plastic,Handle; Shaft; Tip,,Twist,Muscle,,Toolbox,Homeowner,,,,
Wrench,Artifact; Tool; Hand tool,Long,Small,Light,,Steel,Handle; Jaws,,Turn,Muscle,,Garage,Mechanic,,,,
Pliers,Artifact; Tool; Hand tool,,Small,Light,,Steel,Handle; Jaws; Hinges,Gripping,Squeeze,Muscle,,Toolbox,Electrician,Pinches,,,
Drill,Artifact; Tool; Power tool,,Small,Light,,Plastic; Steel,Handle; Motor,,Press,Battery,Whir,Workshop,Builder,Flying debris,,,
Crowbar,Artifact; Tool; Hand tool,Long,Small,Light,,Steel,Claw; Shaft,,Pull,Muscle,Clang,Construction site,Builder,,,,
Nail,Artifact; Fastener,Thin; Pointed,Tiny,Very light,,Steel,Head; Tip,Fastening,Hammer,,,Toolbox,Carpenter,Pricks,,,
Screw,Artifact; Fastener,Thin; Pointed,Tiny,Very light,,Steel,Head; Tip; Screw thread,Fastening,Twist,,,Toolbox,Carpenter,Pricks,,,
Bolt,Artifact; Fastener,Cylindrical,Tiny,Very light,,Steel,Head; Screw thread,Fastening; Joining,Tighten,,,Garage,Mechanic,,,,
Rope,Artifact; Tool,Long; Coiled,Medium,Light,Rough; Flexible,Nylon; Plant fiber,Strands,Hauling; Climbing,Tie; Pull,,,Ship; Shed,Sailor,,,,
Chain,Artifact; Tool,Long,Medium,Medium weight,Hard,Steel,Links,Hauling; Lifting; Security,Pull; Lock,,Rattle,Harbor; Garage,,,Rusts,,
Ruler,Artifact; Tool; Measuring tool; Stationery,Flat; Straight,Small,Very light,,Plastic; Wood,Scale markings; Edge,Measuring; Drawing,Measure,,,Desk; Classroom,Student,,,,
Sandpaper,Artifact; Tool,Flat,Small,Very light,Rough; Gritty,Paper; Sand,,,Rub,Muscle,Scraping,Workshop,Carpenter,,Disposable,,
Paintbrush,Artifact; Tool,Long,Small,Very light,,Wood; Bristle,Handle; Bristles,Painting,Dip; Paint,Muscle,Swish,Studio,Painter; Artist,,,,
Ladder,Artifact; Tool,Tall; Narrow,Large,Medium weight,,Aluminum; Wood,Rungs; Rails,Climbing,Climb,,,Garage; Construction site,Painter,Falls,Foldable,,
Vise,Artifact; Tool,,Small,Medium weight,,Iron; Steel,Jaws; Screw thread; Handle,Clamping; Holding,Tighten; Turn,Muscle,,,Carpenter,Pinches,Fixed,,
Clamp,Artifact; Tool; Hand tool,Curved,Small,Light,,Steel,Jaws; Screw thread; Handle,Clamping; Holding,Tighten,Muscle,,Toolbox,Carpenter,Pinches,Adjustable,,
Anvil,Artifact; Tool,Bulky,Medium,Heavy,,Iron,Base,Metalworking,Hammer; Forge,,Clang; Ringing,Workshop,,,Durable,,Ancient
Wheelbarrow,Artifact; Tool; Garden tool,,Medium,Medium weight,,Steel; Rubber,Wheel; Handle; Legs,Hauling,Push; Load,Muscle,Squeak,Garden; Construction site,Gardener; Builder,,,,
Shovel,Artifact; Tool; Digging tool,Long,Medium,Light,,Steel; Wood,Handle; Shaft; Scoop,Digging; Scooping,Dig; Scoop,Muscle,Scraping,Shed; Construction site,Builder,Strain,,,
Spade,Artifact; Tool; Garden tool; Digging tool,Long,Medium,Light,,Steel; Wood,Handle; Shaft; Blade,Digging,Dig; Step on,Muscle,,Shed; Garden,Gardener,Strain,,,
Trowel,Artifact; Tool; Garden tool; Digging tool,Pointed,Small,Light,,Steel; Wood,Handle; Scoop,Digging,Dig; Plant,Muscle,,Garden,Gardener,,,,
Rake,Artifact; Tool; Garden tool,Long,Medium,Light,,Steel; Wood,Handle; Teeth,,Pull,Muscle,Rustle,Shed; Garden,Gardener,,,Autumn,
Hoe,Artifact; Tool; Garden tool; Farm tool,Long,Medium,Light,,Steel; Wood,Handle; Blade,,Chop,Muscle,,Shed,Gardener; Farmer,,,,Ancient
Pitchfork,Artifact; Tool; Farm tool,Long,Medium,Light,,Steel; Wood,Handle; Tines,Lifting,Lift; Throw,Muscle,,,Farmer,Pricks,,,
Shears,Artifact; Tool; Garden tool; Cutting tool,,Small,Light,,Steel; Wood,Handle; Blades; Hinges,Cutting,Squeeze; Prune,Muscle,Snip,Shed; Garden,Gardener,Cuts,,,
Scissors,Artifact; Tool; Cutting tool; Stationery,,Small,Light,,Steel; Plastic,Handle; Blades; Hinges,Cutting,Squeeze; Cut,Muscle,Snip,Drawer; Desk,Tailor; Barber,Cuts,,,
Lawnmower,Artifact; Machine; Garden tool,,Medium,Medium weight,,Steel; Plastic,Handle; Blades; Engine; Wheels,Mowing,Push,Gasoline,Roar,Lawn; Shed,Homeowner,Cuts; Flying debris,,Summer,
Hose,Artifact; Tool; Garden tool,Tubular; Coiled,Medium,Light,Flexible,Rubber,Nozzle,Washing,Water; Aim,,Hiss,Garden; Driveway,Gardener,Tripping,,,
Sickle,Artifact; Tool; Farm tool; Cutting tool,Crescent,Small,Light,,Steel; Wood,Handle; Blade,Harvesting,Swing; Reap,Muscle,Swish,Field,Farmer,Cuts,,,Ancient
Scythe,Artifact; Tool; Farm tool; Cutting tool,Curved; Long,Medium,Light,,Steel; Wood,Handle; Blade,Mowing; Harvesting,Swing; Reap,Muscle,Swish,Field; Meadow,Farmer,Cuts,,,Ancient
Plow,Artifact; Tool; Farm tool,,Large,Heavy,,Steel,Blade; Frame,Farming,Tow,Animal-drawn,,Field; Farm,Farmer,,Towed,,Ancient
