Word,Category,Color,Shape,Size,Texture,Covering,Smell,Location,Climate,Region,Parts,Growth,Function,Time,Danger,Emotion,Era
Oak,Living thing; Plant; Tree; Broadleaf tree,Green,,Huge,Rough,Bark,,Forest,Temperate,,Tree trunk; Branches; Leaves; Acorns,Deciduous; Long-lived,Timber; Furniture making,,,,
Beech,Living thing; Plant; Tree; Broadleaf tree,Green,,Huge,Smooth,Bark,,Forest,Temperate,,Tree trunk; Branches; Leaves,Deciduous,Timber; Firewood,,,,
Maple,Living thing; Plant; Tree; Broadleaf tree,Green; Red,,Huge,Rough,Bark,,Forest,Temperate,North America,Tree trunk; Branches; Leaves; Sap,Deciduous,Timber,Autumn,,,
Birch,Living thing; Plant; Tree; Broadleaf tree,Green; White,Slender,Huge,Flaky,Bark,,Forest,Cold,,Tree trunk; Branches; Leaves; Catkins,Deciduous; Fast-growing,Firewood,,,,
Willow,Living thing; Plant; Tree; Broadleaf tree,Green,,Huge,Rough,Bark,,Riverbank,Temperate,,Tree trunk; Branches; Leaves; Catkins,Deciduous; Fast-growing,Shade; Medicine,,,,
Pine,Living thing; Plant; Tree; Conifer,Dark green,Conical,Huge,Rough,Bark,Piney,Forest,Cold,,Tree trunk; Branches; Needles; Cones,Evergreen; Cone-bearing,Timber; Paper making,,,,
Spruce,Living thing; Plant; Tree; Conifer,Dark green,Conical,Huge,Rough,Bark,Piney,Forest,Cold,,Tree trunk; Branches; Needles; Cones,Evergreen; Cone-bearing,Timber; Decoration,Festive occasions,,,
Fir,Living thing; Plant; Tree; Conifer,Dark green,Conical,Huge,Smooth,Bark,Piney,Mountain,Cold,,Tree trunk; Branches; Needles; Cones,Evergreen; Cone-bearing,Timber; Decoration,Festive occasions,,,
Cedar,Living thing; Plant; Tree; Conifer,Dark green,Conical,Huge,Rough,Bark,Woody,Mountain,Warm,,Tree trunk; Branches; Needles; Cones,Evergreen; Cone-bearing; Long-lived,Timber; Furniture making,,,,
Redwood,Living thing; Plant; Tree; Conifer,Dark green; Reddish-brown,Tall,Gigantic,Fibrous,Bark,,Forest,Temperate,North America,Tree trunk; Branches; Needles; Cones,Evergreen; Cone-bearing; Long-lived,Timber; Tourism,,,Awe,
Palm,Living thing; Plant; Tree,Green,Tall,Huge,Ridged,,,Beach,Tropical,,Tree trunk; Fronds; Fruit,Evergreen,Shade; Oil production,,,Calm,
Eucalyptus,Living thing; Plant; Tree; Broadleaf tree,Green,Tall,Huge,Flaky,Bark,Minty,Forest,Warm,Australia,Tree trunk; Branches; Leaves,Evergreen; Fast-growing,Medicine; Paper making,,Fire hazard,,
Bamboo,Living thing; Plant; Grass,Green,Tall; Hollow,Huge,Smooth,,,Forest,Tropical,Asia,Stem; Leaves,Evergreen; Fast-growing,Building; Furniture making,,,,
Rose,Living thing; Plant; Flower; Shrub; Garden plant,Red,,Small,,,Floral; Sweet,Garden,Temperate,,Petals; Stem; Leaves; Thorns,Perennial,Gift; Perfume,Summer,Pricks,Romance,
Tulip,Living thing; Plant; Flower; Garden plant,Red; Yellow,Bell-shaped,Small,Waxy,,,Garden,Temperate,Netherlands,Petals; Stem; Leaves; Bulb,Perennial; Grows from bulb,Ornament,Spring,,Joy,
Daffodil,Living thing; Plant; Flower; Garden plant,Yellow,,Small,Smooth,,Sweet,Garden,Temperate,,Petals; Stem; Leaves; Bulb,Perennial; Grows from bulb,Ornament,Spring,Poisonous,Hope,
Lily,Living thing; Plant; Flower; Garden plant,White,Star-shaped,Small,Waxy,,,Garden,Temperate,,Petals; Stem; Bulb,Perennial; Grows from bulb,Gift,Summer,Poisonous,Elegance,
Orchid,Living thing; Plant; Flower; Houseplant,Purple,,Small,Delicate,,,Windowsill; Jungle,Tropical,,Petals; Stem; Leaves; Roots,Perennial; Slow-growing,Gift; Ornament,,,Elegance,
Sunflower,Living thing; Plant; Flower; Crop,Yellow,Disc-shaped; Tall,Large,Rough,,,Field,Sunny,,Petals; Stem; Leaves; Seeds,Annual; Sun-loving,Oil production; Snacking,Summer,,Joy,
Daisy,Living thing; Plant; Flower; Wildflower,White; Yellow,Round,Tiny,Delicate,,,Lawn; Meadow,Temperate,,Petals; Stem; Leaves,Perennial; Wild-growing,,Summer,,Joy,
Dandelion,Living thing; Plant; Flower; Wildflower; Weed,Yellow,Round,Tiny,Fluffy,,,Lawn; Roadside,Temperate,,Petals; Stem; Leaves; Seeds,Perennial; Wild-growing; Self-seeding,Salad,Spring,,,
Poppy,Living thing; Plant; Flower; Wildflower,Red,Bowl-shaped,Small,Delicate,,,Field,Temperate,,Petals; Stem; Seeds,Annual; Wild-growing; Self-seeding,Baking; Medicine,Summer,,Grief,
Violet,Living thing; Plant; Flower; Wildflower,Purple,,Tiny,Delicate,,Sweet,Woodland,Temperate,,Petals; Stem; Leaves,Perennial; Low-growing; Shade-loving,Perfume; Garnish,Spring,,,
Lavender,Living thing; Plant; Shrub; Herb; Garden plant,Purple,,Small,,,Floral; Herbal,Garden; Field,Warm,Mediterranean,Flowers; Stem; Leaves,Perennial; Drought-tolerant,Perfume; Relaxation,Summer,,Calm,
Lotus,Living thing; Plant; Flower; Aquatic plant,Pink,Bowl-shaped,Small,Waxy,,Sweet,Pond,Warm,Asia,Petals; Leaves; Seeds; Rhizome,Perennial; Grows in water,Ornament; Worship,Summer,,Reverence,
Cactus,Living thing; Plant; Succulent,Green,Cylindrical,Medium,Prickly; Ridged,,,Desert; Windowsill,Arid,Mexico,Stem; Spines; Flowers,Drought-tolerant; Stores water; Slow-growing,Ornament,,Pricks,,
Aloe,Living thing; Plant; Succulent; Houseplant,Green,Pointed,Small,Smooth,,,Windowsill; Desert,Arid,Africa,Leaves; Spines; Sap,Drought-tolerant; Stores water,Medicine; Soothing,,,,
Fern,Living thing; Plant,Green,,Small,Delicate,,,Forest,Humid,,Fronds; Roots,Perennial; Spore-bearing; Shade-loving,Ornament,,,,Prehistoric
Moss,Living thing; Plant,Green,Flat,Tiny,Soft; Spongy; Moist,,Earthy; Damp,Forest; Rocks,Humid,,,Spore-bearing; Shade-loving; Low-growing,,,Slipping,,Prehistoric
Ivy,Living thing; Plant; Vine,Dark green,,Medium,Leathery,,,Wall,Temperate,,Leaves; Stem; Berries,Evergreen; Climbing,Ornament,Festive occasions,Poisonous,,
Holly,Living thing; Plant; Shrub,Dark green; Red,,Medium,Prickly,,,Hedgerow,Temperate,,Leaves; Branches; Berries,Evergreen,Decoration,Festive occasions,Poisonous; Pricks,Festivity,
Mistletoe,Living thing; Plant; Shrub; Parasite,Green; White,Round,Small,Leathery,,,Tree,Temperate,,Leaves; Stem; Berries,Evergreen; Grows on tree,Decoration,Festive occasions,Poisonous,Romance,
Grass,Living thing; Plant; Grass,Green,Thin,Small,Soft,,Grassy,Lawn; Meadow; Pasture,Temperate,,Leaves; Roots; Seeds,Perennial; Low-growing; Fast-growing,Grazing; Fodder,Summer,Allergenic,,
Reed,Living thing; Plant; Grass; Aquatic plant,Green; Tan,Tall; Hollow,Large,Fibrous,,,Marsh; Riverbank,Temperate,,Stem; Leaves; Rhizome,Perennial; Grows in water,Roofing; Fiber,,,,
Clover,Living thing; Plant; Wildflower,Green; White,,Tiny,Soft,,Sweet,Lawn; Pasture,Temperate,,Leaves; Flowers,Perennial; Low-growing,Fodder; Fertilizer,Summer,,Luck,
Nettle,Living thing; Plant; Weed,Green,Jagged,Medium,,,,Hedgerow; Roadside,Temperate,,Leaves; Stem,Perennial; Wild-growing; Spreads by runners,Soup; Tea; Fiber,Spring,Stings; Itching,,
Thistle,Living thing; Plant; Weed; Wildflower,Purple; Green,,Medium,Prickly,,,Pasture; Roadside,Temperate,Scotland,Leaves; Stem; Flowers; Spines,Biennial; Wild-growing; Self-seeding,,Summer,Pricks,,
Seaweed,Living thing; Plant; Aquatic plant,Brown; Green,Long; Flat,Medium,Rubbery,,Briny,Sea; Rocky shore; Beach,,Japan,Fronds; Stem,Grows in water; Fast-growing,Fertilizer; Thickening,,Slipping,,
Vine,Living thing; Plant; Vine; Crop,Green,Winding,Medium,Rough,Bark,,Hillside,Warm,Mediterranean,Leaves; Fruit,Climbing; Deciduous,Wine making; Shade,Autumn,,,
