Word,Category,Color,Shape,Size,Texture,Covering,Taste,Smell,Parts,Growth,Climate,Process,Function,Time,Danger,Value
Carrot,Food; Produce; Vegetable; Root vegetable,Orange,Conical,Small,Crunchy,Thin skin,Sweet; Earthy,,Taproot,Grows underground,,Eaten raw; Boiled,Salad; Soup,,,
Parsnip,Food; Produce; Vegetable; Root vegetable,Cream,Conical,Small,Firm,Thin skin,Sweet; Earthy,,Taproot,Grows underground,,Roasted; Boiled,Soup,Winter,,
Radish,Food; Produce; Vegetable; Root vegetable,Red,Round,Tiny,Crunchy,Thin skin,Peppery,,Taproot,Grows underground; Fast-growing,,Eaten raw; Sliced,Salad; Garnish,Spring,,
Turnip,Food; Produce; Vegetable; Root vegetable,White; Purple,Round,Small,Firm,Thin skin,Earthy; Bitter,,Taproot,Grows underground,,Boiled; Mashed,Soup; Fodder,Winter,,
Beet,Food; Produce; Vegetable; Root vegetable,Dark red,Round,Small,Firm,Thin skin,Sweet; Earthy,,Taproot,Grows underground,,Boiled; Pickled,Salad; Soup,,,
Potato,Food; Produce; Vegetable; Tuber; Staple food,Brown,Oval,Small,Firm,Thin skin,Starchy; Mild,,Tuber,Grows underground,,Boiled; Fried; Mashed,Side dish,,,
Yam,Food; Produce; Vegetable; Tuber; Staple food,Orange,Oval,Small,Firm,Thin skin,Starchy; Sweet,,Tuber,Grows underground,Warm,Baked; Mashed,Side dish,Autumn,,
Onion,Food; Produce; Vegetable; Allium,Brown; White,Round,Small,Crunchy,Peel,Pungent,Oniony,Bulb; Layers,Grows underground,,Chopped; Fried,Flavoring; Soup,,Irritant,
Garlic,Food; Produce; Vegetable; Allium,White,Round,Small,Firm,Peel,Pungent,,Bulb; Cloves,Grows underground,,Chopped; Crushed,Flavoring; Seasoning,,,
Leek,Food; Produce; Vegetable; Allium,Green; White,Long,Small,Firm,,Mild,Oniony,Stem; Leaves; Layers,,,Boiled; Sauteed,Soup,Winter,,
Lettuce,Food; Produce; Vegetable; Leafy green,Green,Round,Small,Crisp,,Mild,,Leaves; Head,Grows in head,,Eaten raw; Shredded,Salad; Sandwich filling,,,
Spinach,Food; Produce; Vegetable; Leafy green,Dark green,,Small,Tender,,Mild; Earthy,,Leaves,,,Eaten raw; Steamed,Salad; Side dish,Spring,,
Kale,Food; Produce; Vegetable; Leafy green; Cabbage family,Dark green,,Small,Tough,,Bitter; Earthy,,Leaves,,,Steamed; Sauteed,Side dish; Soup,Winter,,
Cabbage,Food; Produce; Vegetable; Leafy green; Cabbage family,Green,Round,Small,Crunchy,,Mild; Peppery,Sulfurous,Leaves; Head,Grows in head,,Boiled; Shredded; Fermented,Salad; Soup,Winter,,
Broccoli,Food; Produce; Vegetable; Cabbage family,Green,Branching,Small,Firm,,Mild; Bitter,,Florets; Stem,Grows in head,,Steamed; Boiled,Side dish,,,
Cauliflower,Food; Produce; Vegetable; Cabbage family,White,Round,Small,Firm,,Mild,,Florets; Stem,Grows in head,,Steamed; Boiled; Roasted,Side dish,,,
Celery,Food; Produce; Vegetable,,Long,Small,Crunchy,,Mild; Salty,,Stalks; Leaves,,,Eaten raw; Chopped,Salad; Soup; Flavoring,,,
Asparagus,Food; Produce; Vegetable,Green,Long; Thin,Small,Tender,,Earthy; Bitter,,,Perennial,,Steamed; Grilled,Side dish,Spring,,Expensive
Tomato,Food; Produce; Vegetable; Fruit,Red,Round,Small,Juicy,Thin skin,Sweet; Tangy,,Seeds,Grows on vine,Warm,Eaten raw; Sliced; Canned,Salad; Sauce; Soup,Summer,,
Pepper,Food; Produce; Vegetable,Red; Green,Bell-shaped; Hollow,Small,Crunchy,Thin skin,Sweet; Mild,,Seeds; Stem,Grows on low plant,Warm,Eaten raw; Roasted; Stuffed,Salad,Summer,,
Chili,Food; Produce; Vegetable; Spice,Red,Long; Pointed,Tiny,Firm,Thin skin,Spicy,Pungent,Seeds; Stem,Grows on low plant,Tropical,Dried; Chopped; Ground,Seasoning; Sauce,,Irritant,
Eggplant,Food; Produce; Vegetable,Purple,Oval,Small,Spongy,Thin skin,Mild; Bitter,,Seeds; Stem,Grows on low plant,Warm,Fried; Grilled; Roasted,,Summer,,
Cucumber,Food; Produce; Vegetable; Gourd,Green,Cylindrical; Long,Small,Crunchy,Thin skin,Mild; Refreshing,Fresh,Seeds,Grows on vine,Warm,Eaten raw; Sliced; Pickled,Salad,Summer,,
Zucchini,Food; Produce; Vegetable; Gourd,Green,Cylindrical; Long,Small,Firm,Thin skin,Mild,,Seeds,Grows on low plant,Warm,Sliced; Fried; Grilled,Side dish,Summer,,
Pumpkin,Food; Produce; Vegetable; Gourd,Orange,Round,Medium,Firm,Rind,Sweet; Earthy,,Seeds; Stem,Grows on vine,Temperate,Roasted; Mashed; Carved,Pie filling; Soup; Decoration,Autumn; Festive occasions,,
Squash,Food; Produce; Vegetable; Gourd,Beige; Orange,Pear-shaped,Small,Firm,Rind,Sweet; Nutty,,Seeds,Grows on vine,Temperate,Roasted; Mashed,Soup; Side dish,Autumn,,
Pea,Food; Produce; Vegetable; Legume,Green,Round,Tiny,Tender,Pod,Sweet,,,Grows in pod; Grows on vine,,Shelled; Boiled; Frozen,Side dish; Soup,Spring,,
Bean,Food; Produce; Vegetable; Legume,Brown,Kidney-shaped,Tiny,Firm,Pod,Mild; Earthy,,,Grows in pod; Grows on vine,Warm,Dried; Boiled; Canned,Soup; Side dish,,,
Lentil,Food; Produce; Vegetable; Legume,Brown,Disc-shaped,Tiny,Firm,Pod,Mild; Earthy,,,Grows in pod; Grows on low plant,,Dried; Boiled,Soup,,,
Chickpea,Food; Produce; Vegetable; Legume,Beige,Round,Tiny,Firm,Pod,Mild; Nutty,,,Grows in pod; Grows on low plant,Warm,Dried; Boiled; Mashed,Dipping; Salad,,,
Soybean,Food; Produce; Vegetable; Legume; Crop,Pale yellow,Oval,Tiny,Firm,Pod,Mild,,,Grows in pod; Grows on low plant,Warm,Boiled; Fermented; Pressed,Oil production; Fodder; Sauce,,Allergenic,
Corn,Food; Produce; Vegetable; Grain; Crop; Staple food,Yellow,Cylindrical,Small,Juicy,Husk,Sweet; Starchy,,Kernels,Grows on stalk,Warm,Boiled; Grilled; Popped,Side dish; Fodder,Summer,,
Wheat,Food; Produce; Grain; Crop; Staple food,Gold,Oval,Tiny,Hard,Husk,Mild; Starchy,,Grains; Ear; Stalk,Grows on stalk; Annual,Temperate,Threshed; Milled; Made into flour,Bread making; Baking,Summer,Allergenic,
Rye,Food; Produce; Grain; Crop,Gray,Oval,Tiny,Hard,Husk,Earthy,,Grains; Ear; Stalk,Grows on stalk; Annual,Cold,Threshed; Milled; Made into flour,Bread making; Fodder,Summer,Allergenic,
Barley,Food; Produce; Grain; Crop,Gold,Oval,Tiny,Hard,Husk,Mild; Nutty,,Grains; Ear; Stalk; Beard,Grows on stalk; Annual,Temperate,Threshed,Brewing; Fodder; Soup,Summer,Allergenic,
Oat,Food; Produce; Grain; Crop,Beige,Oval,Tiny,Hard,Husk,Mild; Bland,,Grains; Stalk,Grows on stalk; Annual,Temperate,Threshed; Rolled; Boiled,Fodder; Baking,Summer; Breakfast,,
Rice,Food; Produce; Grain; Crop; Staple food,White,Oval,Tiny,Hard,Husk,Mild; Starchy,,Grains; Stalk,Grows on stalk; Annual; Grows in water,Tropical,Threshed; Boiled; Steamed,Side dish,Autumn,,
Basil,Food; Produce; Herb,Green,,Tiny,Tender,,Herbal; Peppery,Herbal,Leaves,Annual; Sun-loving,Warm,Eaten raw; Chopped,Seasoning; Garnish; Sauce,Summer,,
Parsley,Food; Produce; Herb,Green,,Tiny,Tender,,Herbal; Mild,Fresh,Leaves; Stalks,Biennial,Temperate,Eaten raw; Chopped,Garnish; Seasoning; Salad,,,
Mint,Food; Produce; Herb,Green,,Tiny,Tender,,Minty; Refreshing,Minty,Leaves,Perennial; Spreads by runners,Temperate,Eaten raw; Chopped; Steeped,Tea; Flavoring; Garnish,Summer,,
Rosemary,Food; Produce; Herb,Green,,Tiny,Tough,,Herbal; Pungent,Piney,Needles; Stem,Evergreen; Perennial; Drought-tolerant,Warm,Chopped; Dried,Seasoning,,,
Thyme,Food; Produce; Herb,Green,,Tiny,,,Herbal; Earthy,Herbal,Leaves; Stem,Evergreen; Perennial; Drought-tolerant; Low-growing,Warm,Chopped; Dried,Seasoning; Soup,,,
Cinnamon,Food; Produce; Spice,Brown,Rolled,Small,Dry; Brittle,,Sweet; Spicy,Sweet,,Grows on tree; Evergreen,Tropical,Dried; Ground; Rolled,Baking; Flavoring,Winter; Festive occasions,,
Vanilla,Food; Produce; Spice,Brown,Long; Thin,Small,Leathery,Pod,Sweet; Rich,Vanilla; Sweet,Seeds,Grows on vine; Grows in pod,Tropical,Cured; Dried; Extracted,Flavoring; Baking; Perfume,,,Expensive
Saffron,Food; Produce; Spice,Red,Thin,Tiny,Dry; Delicate,,Bitter; Floral,Floral,,Grows from bulb,Arid,Harvested; Dried; Steeped,Coloring; Flavoring,Autumn,,Luxury
Ginger,Food; Produce; Spice,Beige; Pale yellow,Irregular; Branching,Small,Fibrous,Thin skin,Spicy,Spicy; Fresh,Rhizome,Grows underground,Tropical,Grated; Sliced; Ground,Seasoning; Tea; Medicine,,,
Mushroom,Food; Produce; Vegetable; Fungus,White; Brown,Umbrella-shaped,Tiny,Spongy; Smooth,,Earthy; Savory,Earthy,Cap; Stem; Gills,Spore-bearing; Shade-loving; Fast-growing,Humid,Sliced; Fried; Sauteed,Soup; Sauce; Topping,Autumn,Poisonous,
