Word,Category,Color,Shape,Size,Weight,Material,Parts,Function,Action,Power,Sound,Movement,Speed,Location,User,Danger,Property,Sociality,Value,Era,Region,Time,Emotion
Car,Artifact; Vehicle; Land vehicle; Motor vehicle,,,Large,Very heavy,Steel,Wheels; Engine; Steering wheel,Personal transport,Drive,Gasoline,Honk,Rolls,Fast,Road,Driver,Crashes,,Family,Expensive,Industrial,,,
Van,Artifact; Vehicle; Land vehicle; Motor vehicle,,Box-shaped,Large,Very heavy,Steel,Wheels; Engine; Steering wheel,Delivery,Drive,Diesel,Honk,Rolls,Fast,Road,Driver,Crashes,,,Expensive,Modern,,,
Truck,Artifact; Vehicle; Land vehicle; Motor vehicle,,Box-shaped,Huge,Very heavy,Steel,Wheels; Engine; Steering wheel,Cargo transport,Drive,Diesel,Honk,Rolls,Fast,Road; Highway,Driver,Crashes,,,Expensive,Modern,,,
Bus,Artifact; Vehicle; Land vehicle; Motor vehicle; Public transport,,Box-shaped,Huge,Very heavy,Steel,Wheels; Engine; Steering wheel,Mass transit,Drive; Board,Diesel,Honk,Rolls,Moderate,Road,Driver,Crashes,,Public,,Modern,,,
Taxi,Artifact; Vehicle; Land vehicle; Motor vehicle; Public transport,,,Large,Very heavy,Steel,Wheels; Engine; Steering wheel,Passenger transport,Ride; Pay,Gasoline,Honk,Rolls,Fast,Road; City,Driver,Crashes,,Public,,Industrial,,,
Ambulance,Artifact; Vehicle; Land vehicle; Motor vehicle; Emergency vehicle,,Box-shaped,Large,Very heavy,Steel,Wheels; Engine; Siren,Emergency response,Drive,Diesel,Siren,Rolls,Fast,Road; Hospital,,Crashes,,,,Modern,,,
Firetruck,Artifact; Vehicle; Land vehicle; Motor vehicle; Emergency vehicle,,Box-shaped,Huge,Very heavy,Steel,Wheels; Engine; Siren,Firefighting; Emergency response,Drive,Diesel,Siren,Rolls,Fast,Road; Fire station,,Crashes,,,,Modern,,,
Tractor,Artifact; Vehicle; Land vehicle; Motor vehicle,,,Large,Very heavy,Steel,Wheels; Engine; Steering wheel,Farming,Drive; Tow,Diesel,,Rolls,Slow,Field; Farm,Farmer,,,,,Modern,,,
Bulldozer,Artifact; Vehicle; Land vehicle; Motor vehicle; Heavy machinery,,,Huge,Very heavy,Steel,Tracks; Engine; Blade,Construction,Drive; Push,Diesel,Rumble,Crawls,Slow,Construction site,Builder,Crushes,Tracked,,,Modern,,,
Excavator,Artifact; Vehicle; Land vehicle; Motor vehicle; Heavy machinery,,,Huge,Very heavy,Steel,Tracks; Engine; Hydraulic arm,Digging; Construction,Drive; Dig,Diesel,Rumble,Crawls,Slow,Construction site; Quarry,Builder,Crushes,Tracked,,,Modern,,,
Forklift,Artifact; Vehicle; Land vehicle; Motor vehicle,,Compact,Large,Very heavy,Steel,Wheels; Mast,Lifting; Carrying,Drive; Lift,Battery,Beep,Rolls,Slow,Warehouse; Factory,Worker,Crushes,,,,Modern,,,
Tank,Artifact; Vehicle; Land vehicle; Motor vehicle; Military vehicle,,Bulky,Huge,Very heavy,Steel,Tracks; Engine; Turret,Warfare; Combat,Drive; Shoot,Diesel,Rumble,Crawls,Moderate,Battlefield,Soldier,Deadly,Tracked; Armored,Team,,Modern,,,
Motorcycle,Artifact; Vehicle; Land vehicle; Motor vehicle,,,Medium,Heavy,Steel,Wheels; Engine; Handlebars,Personal transport; Recreation,Ride,Gasoline,Roar,Rolls,Very fast,Road; Highway,Rider,Crashes,Open,Solo,,Modern,,,
Scooter,Artifact; Vehicle; Land vehicle; Motor vehicle,,,Medium,Heavy,Steel; Plastic,Wheels; Engine; Handlebars,Personal transport; Commuting,Ride,Gasoline,Buzz,Rolls,Moderate,City; Street,Commuter,Crashes,Open,Solo,Affordable,Modern,,,
Bicycle,Artifact; Vehicle; Land vehicle; Cycle; Human-powered vehicle,,,Medium,Medium weight,Steel; Rubber,Wheels; Pedals; Handlebars,Personal transport; Exercise,Ride; Pedal,Pedals,Ring,Rolls,Moderate,Road; Park,Cyclist,Falls,Open,Solo,Affordable,Industrial,,,
Tricycle,Artifact; Vehicle; Land vehicle; Cycle; Human-powered vehicle; Toy,,,Small,Light,Steel; Plastic,Wheels; Pedals; Handlebars,Play,Ride; Pedal,Pedals,Ring,Rolls,Slow,Sidewalk; Park,Child,,Open; Balanced,Solo,Affordable,,,,
Wheelchair,Artifact; Vehicle; Land vehicle; Human-powered vehicle,,,Medium,Medium weight,Steel,Wheels; Seat; Armrests,Mobility aid,Sit on; Push,Muscle,Squeak,Rolls,Slow,Hospital; Sidewalk,Patient,,Foldable,Personal,,Modern,,,
Stroller,Artifact; Vehicle; Land vehicle,,,Medium,Medium weight,Aluminum; Fabric,Wheels; Seat; Handle,,Push,Muscle,Squeak,Rolls,Slow,Sidewalk; Park,Baby,,Foldable,,Affordable,,,,
Cart,Artifact; Vehicle; Land vehicle; Animal-drawn vehicle,,,Large,Heavy,Wood,Wheels; Cargo bed,Hauling; Farming,Load; Pull,Animal-drawn,Creak,Rolls,Slow,Farm; Market,Farmer,,Open,,Cheap,Ancient,,,
Wagon,Artifact; Vehicle; Land vehicle; Animal-drawn vehicle,,,Large,Heavy,Wood; Canvas,Wheels; Cargo bed; Seat,Hauling; Travel,Load; Ride,Animal-drawn,Creak,Rolls,Slow,Prairie; Trail,Farmer,,,Family,,Traditional,,,
Carriage,Artifact; Vehicle; Land vehicle; Animal-drawn vehicle,,,Large,Heavy,Wood; Leather,Wheels; Seats; Doors,Passenger transport; Tourism,Ride; Board,Animal-drawn,Clatter,Rolls,Moderate,Street; Palace,Passenger,,Enclosed,,Expensive,Traditional,,,
Sled,Artifact; Vehicle; Toy,,Flat,Small,Light,Wood; Plastic,Runners; Rope,Play; Snow travel,Sled; Pull,Gravity,Swish,Slides,Fast,Hillside; Snowfield,Child,Crashes,Unpowered,,Cheap,,,,
Sleigh,Artifact; Vehicle; Animal-drawn vehicle,,Curved,Large,Heavy,Wood,Runners; Seats; Bell,Snow travel; Passenger transport,Ride,Animal-drawn,Jingle,Slides; Glides,Moderate,Snowfield; Countryside,Passenger,,Open,,,Traditional,,,
Caravan,Artifact; Vehicle; Land vehicle; Dwelling,,Box-shaped,Large,Very heavy,Aluminum,Wheels; Windows,Camping; Lodging,Tow; Camp,,,Rolls,Moderate,Campsite; Road,Camper,,Towed,Family,,Modern,,,
Train,Artifact; Vehicle; Land vehicle; Rail vehicle; Public transport,,Long,Gigantic,Very heavy,Steel,Wheels; Engine; Carriages,Mass transit; Cargo transport,Board; Ride,Electricity; Diesel,Whistle,Rolls,Fast,Railway,Passenger,Collision,Enclosed,Public,,Industrial,,,
Tram,Artifact; Vehicle; Land vehicle; Rail vehicle; Public transport,,Long,Huge,Very heavy,Steel,Wheels; Motor; Seats,Mass transit,Board; Ride,Electricity,Ding,Rolls,Moderate,Street; City,Passenger,Collision,Enclosed,Public,,Industrial,,,
Subway,Artifact; Vehicle; Land vehicle; Rail vehicle; Public transport,,Long,Huge,Very heavy,Steel,Wheels; Motor; Carriages,Mass transit; Commuting,Board; Ride,Electricity,Rumble,Rolls,Fast,Underground,Passenger,,Enclosed,Public; Crowded,,Industrial,,,
Airplane,Artifact; Vehicle; Aircraft,,Streamlined,Gigantic,Very heavy,Aluminum,Wings; Jet engines; Cockpit,Air travel; Passenger transport,Board; Fly,Jet fuel,Roar,Flies,Very fast,Sky; Airport,Pilot,Crashes,Pressurized,Public,Expensive,Modern,,,
Jet,Artifact; Vehicle; Aircraft; Military vehicle,,Streamlined,Huge,Very heavy,Aluminum,Wings; Jet engines; Cockpit,Warfare; Defense,Fly; Pilot,Jet fuel,Roar,Flies,Very fast,Sky,Pilot,Crashes,Armed,,Expensive,Modern,,,
Helicopter,Artifact; Vehicle; Aircraft,,,Large,Very heavy,Aluminum,Rotor blades; Cockpit,Rescue; Air travel,Fly; Pilot,Jet fuel,Chop,Flies; Hovers,Fast,Sky; Rooftops,Pilot,Crashes,,,Expensive,Modern,,,
Glider,Artifact; Vehicle; Aircraft,,Streamlined,Large,Heavy,Fiberglass,Long wings; Cockpit,Recreation; Sports,Fly; Tow,Wind; Gravity,Whoosh,Glides; Soars,Moderate,Sky,Pilot,Crashes,Unpowered; Lightweight,Solo,,Industrial,,,
Drone,Artifact; Aircraft; Electronic device,,,Small,Light,Plastic,Propeller; Motor; Battery,Photography; Recreation,Fly; Charge,Battery,Buzz,Flies; Hovers,Fast,Sky; Park,Photographer,Crashes,Remote-controlled; Rechargeable,,Affordable,Digital,,,
Rocket,Artifact; Vehicle; Spacecraft,,Tall,Gigantic,Very heavy,Aluminum; Steel,,Space travel; Exploration,Launch,Rocket fuel,Roar,Flies,Very fast,Space,,Explosive,Pressurized,,Expensive,Modern,,,
Boat,Artifact; Vehicle; Watercraft,,,Large,Heavy,Wood,Hull; Seat,Fishing; Recreation,Steer,Muscle,Splash,Floats; Rocks,Slow,Lake; River,Fisherman,Drowning,Open,,Affordable,Ancient,,,
Canoe,Artifact; Vehicle; Watercraft; Human-powered vehicle,,Long,Large,Medium weight,Wood,Hull; Paddle; Seat,Recreation,Paddle,Muscle,Splash,Floats,Slow,River; Lake,Camper,Drowning,Open,,,Ancient,,,
Kayak,Artifact; Vehicle; Watercraft; Human-powered vehicle,,Long,Medium,Medium weight,Plastic,Hull; Paddle; Cockpit,Recreation,Paddle,Muscle,Splash,Floats,Moderate,River,,Drowning,Enclosed,,,Ancient,,,
Raft,Artifact; Vehicle; Watercraft,,Flat,Large,Heavy,Logs; Rope,Pole,Crossing; Recreation,Paddle,Muscle,Splash,Floats; Drifts,Slow,River,,Drowning,Open; Unpowered,,,Prehistoric,,,
Sailboat,Artifact; Vehicle; Watercraft,,,Large,Heavy,Fiberglass; Canvas,Hull; Sail; Mast,Sailing; Racing,Sail; Steer,Wind,Creak,Tilts,Moderate,Sea; Harbor,Sailor,Drowning,,,Expensive,Ancient,,,
Yacht,Artifact; Vehicle; Watercraft,,Streamlined,Huge,Very heavy,Fiberglass,Hull; Deck,Recreation; Travel,Sail; Dock,Diesel,Hum,Floats,Moderate,Harbor; Coast,,Sinking,Seaworthy,Private,Luxury,Modern,,,
Ship,Artifact; Vehicle; Watercraft,,Long,Gigantic,Very heavy,Steel,Hull; Deck,Shipping; Sea travel,Sail; Dock,Diesel,Blare,Floats,Slow,Ocean; Harbor,Sailor,Sinking,Seaworthy,Team,,Ancient,,,
Ferry,Artifact; Vehicle; Watercraft; Public transport,,Wide,Huge,Very heavy,Steel,Hull; Deck; Ramp,Crossing; Passenger transport,Board; Ride,Diesel,Blare,Floats,Slow,Harbor,Passenger,Sinking,Seaworthy,Public,,Modern,,,
Submarine,Artifact; Vehicle; Watercraft; Military vehicle,,Cylindrical,Gigantic,Very heavy,Steel,Hull; Periscope; Propeller,Warfare; Exploration,Dive; Navigate,Nuclear; Diesel,Echo,Submerges; Dives,Moderate,Deep sea; Ocean,Sailor,Suffocation,Pressurized; Enclosed,Team,Expensive,Modern,,,
