Word,Category,Color,Appearance,Shape,Size,Texture,Material,State,Temperature,Smell,Parts,Function,Action,Sound,Movement,Speed,Behavior,Location,Climate,Region,Danger,Emotion,Time,Era
Rain,Phenomenon; Weather; Precipitation,,Transparent,,Tiny,Wet,Water droplets,Liquid,Cool,,,Irrigation; Drinking water,Take cover,Patter; Drip,Falls,,Soaks,Sky,Rainy; Cloudy,,Flooding; Slipping,Calm; Gloom,,
Drizzle,Phenomenon; Weather; Precipitation,,Transparent,,Tiny,Wet,Water droplets,Liquid,Cool,,,,Take cover,Quiet,Falls,Slow,Soaks,Sky,Rainy; Cloudy,,Slipping,Gloom,,
Snow,Phenomenon; Weather; Precipitation,White,,,Tiny,Soft; Fluffy,Ice crystals,Solid,Freezing,,,Skiing; Play,Shovel; Sled,Quiet; Crunch,Falls,Slow,Melts; Covers ground,Sky,Snowy; Cold,,Slipping; Avalanche risk,Joy; Calm,Winter,
Hail,Phenomenon; Weather; Precipitation,White,,Round,Tiny,Hard,Ice,Solid,Freezing,,,,Take cover,Clatter,Falls,Fast,Melts; Strikes,Sky,Stormy,,Damages crops; Impact injury,Fear,,
Frost,Phenomenon; Weather,White,Sparkling,,,Brittle,Ice crystals,Solid,Freezing,,,,,,,,Forms at night; Melts; Withers crops,Grass,Clear; Cold,,Slipping; Damages crops,,Morning; Winter,
Dew,Phenomenon; Weather,,Sparkling; Transparent,,Tiny,Wet,Water droplets,Liquid,Cool,,,,,,,,Forms at night; Evaporates,Grass,Clear,,,Calm,Morning; Dawn,
Fog,Phenomenon; Weather,White; Gray,Opaque,,,Wet,Water droplets,,Cool,,,,,Quiet,Drifts,,Reduces visibility,Valley,Humid,,Collision; Getting lost,Mystery; Gloom,Morning; Autumn,
Mist,Phenomenon; Weather,White,Translucent,,,Wet,Water droplets,,Cool,,,,,Quiet,Drifts,,Reduces visibility,Valley,Humid,,,Mystery; Calm,Morning; Dawn,
Cloud,Phenomenon; Weather,White; Gray,,Irregular,Gigantic,Fluffy,Water droplets; Ice crystals,,,,,,Gaze,,Drifts; Floats,Slow,Blocks sun; Darkens sky,Sky,Cloudy,,,Calm,,
Wind,Phenomenon; Weather; Wind,,Transparent,,,,Air,,Cool,,,Sailing; Flying kites; Wind power,,Rustle; Howl,Blows,Fast,Chills; Dries,Sky,Windy,,,Freedom,,
Breeze,Phenomenon; Weather; Wind,,Transparent,,,Soft,Air,,Cool,,,Sailing; Flying kites,,Rustle,Blows,Slow,,Sky,Windy; Mild,,,Freedom; Calm,,
Storm,Phenomenon; Weather; Storm,Gray,Dark,,Gigantic,,Air; Water droplets,,,,,,Take cover,Howl; Rumble,Blows,Fast,Uproots trees; Darkens sky,Sky,Stormy,,Destructive; Flooding,Fear,,
Thunderstorm,Phenomenon; Weather; Storm,Gray,Dark,,Gigantic,,Water droplets; Electricity,,,,,,Take cover,Thunderclap; Rumble,,,Flashes; Rumbles; Darkens sky,Sky,Stormy,,Destructive; Lightning strike; Flooding,Fear; Awe,Summer,
Tornado,Phenomenon; Weather; Storm; Natural disaster,Gray,,Conical; Tall,Huge,,Air,,,,,,Take cover; Evacuate,Roar,Spins; Swirls,Very fast,Uproots trees; Destroys buildings,Sky,Stormy,North America,Destructive; Deadly; Flying debris,Fear,,
Hurricane,Phenomenon; Weather; Storm; Natural disaster,Gray,,Round,Vast,,Air; Water droplets,,,,,,Take cover; Evacuate,Roar; Howl,Spins; Swirls,Very fast,Uproots trees; Destroys buildings,Sky; Ocean,Stormy; Tropical,,Destructive; Deadly; Flooding,Fear,,
Blizzard,Phenomenon; Weather; Storm,White,,,Gigantic,,Ice crystals; Air,,Freezing,,,,Take cover; Shovel,Howl,Blows,Fast,Reduces visibility; Chills; Buries,Sky,Stormy; Snowy,,Frostbite; Hypothermia; Getting lost,Fear,Winter,
Thunder,Phenomenon; Weather,,,,,,,,,,,,,Rumble; Boom; Thunderclap,Shakes,,Rumbles,Sky,Stormy,,,Fear; Awe,Summer,
Lightning,Phenomenon; Weather; Light phenomenon,White,Bright; Flickering,Forked; Jagged,,,Electricity,Plasma,Hot,,,,Take cover,Thunderclap; Crackle,,Very fast,Flashes; Strikes,Sky,Stormy,,Lightning strike; Fire hazard; Deadly,Fear; Awe,Summer; Brief,
Rainbow,Phenomenon; Light phenomenon; Weather,Multicolored,Colorful,Arched,Gigantic,,Light; Water droplets,,,,,,Admire; Photograph,,,,,Sky,Rainy; Sunny,,,Awe; Wonder; Hope,Brief,
Aurora,Phenomenon; Light phenomenon,Green; Purple,Colorful; Glowing,,Vast,,Light,,,,,,Gaze; Photograph,,Dances,,Glows; Colors sky,Sky; Upper atmosphere,Polar; Clear,Arctic,,Awe; Wonder,Night; Winter,
Sunrise,Phenomenon; Light phenomenon; Time of day,Orange; Pink,Colorful; Glowing,,,,,,Cool,,,,Watch; Photograph,Birdsong,,,Colors sky; Rises,Sky; Horizon,,,,Awe; Hope,Dawn; Morning; Daily,
Sunset,Phenomenon; Light phenomenon; Time of day,Orange; Red,Colorful; Glowing,,,,,,,,,,Watch; Photograph,,,,Colors sky; Sets,Sky; Horizon,,,,Awe; Romance; Calm,Evening; Daily,
Eclipse,Phenomenon; Light phenomenon,,Dark,Round; Ring-shaped,,,,,,,,,Observe; Watch,,,,Blocks sun; Darkens sky,Sky,,,Blinding,Awe; Wonder,Brief; Day,
Sun,Natural feature; Celestial body,Yellow,Bright; Glowing,Spherical,Vast,,Hydrogen; Helium,Plasma,Hot,,,Light; Heat; Solar power,Sunbathe,,,,Shines; Nuclear fusion; Rises; Sets,Sky; Space,,,Sunburn; Blinding; Heatstroke,Awe; Joy,Day; Yearly cycle,
Star,Natural feature; Celestial body,White,Bright; Sparkling,Spherical,Vast,,Hydrogen; Helium,Plasma,Hot,,,Navigation,Stargaze; Observe; Wish,,,,Shines; Nuclear fusion; Twinkles,Sky; Space,,,,Awe; Wonder,Night,
Moon,Natural feature; Celestial body,White; Gray,Bright,Spherical,Vast,,Rock; Dust,Solid,Cold,,Crater,Light,Stargaze; Observe,,Orbits,,Rises; Sets; Changes phase; Reflects light; Pulls tides,Sky; Space,,,,Awe; Wonder; Romance,Night; Monthly cycle,
Planet,Natural feature; Celestial body,,,Spherical,Vast,,Rock; Gas,,,,,Exploration,Stargaze; Observe,,Orbits; Rotates,,Reflects light; Has rings,Sky; Space,,,,Awe; Wonder,Night; Yearly cycle,
Comet,Natural feature; Celestial body,,Bright; Glowing,Long,Gigantic,,Ice; Dust,,,,Tail,,Stargaze; Observe,,Orbits,Very fast,Evaporates; Reflects light,Sky; Space,,,,Awe; Wonder,Night,
Meteor,Natural feature; Celestial body; Light phenomenon,,Bright; Glowing,,Small,,Rock; Iron,,Hot,,Tail,,Stargaze; Wish,,Falls,Very fast,Burns,Sky; Upper atmosphere,,,,Awe; Wonder,Night; Brief,
Sky,Natural feature,Blue,,Dome-shaped,Vast,,Air; Gas,,,,,Air travel; Weather forecasting,Gaze; Fly; Stargaze,,,,,,,,,Freedom; Awe; Calm,Day; Night,
Flood,Phenomenon; Natural disaster,Brown,Murky,,,Wet,Water; Mud,Liquid,,,,,Evacuate,Rushing; Roar,Rises; Spreads,Fast,Sweeps away; Covers ground; Destroys buildings,Valley; Riverbank,Rainy,,Deadly; Destructive; Drowning,Fear; Grief,,
Drought,Phenomenon; Natural disaster,,,,,Dry,,,Hot,,,,,,,,Withers crops; Cracks ground; Dries,Farmland,Arid; Sunny,,Famine; Dehydration; Fire hazard,Fear; Anxiety,Summer,
Earthquake,Phenomenon; Natural disaster,,,,,,,,,,,,Evacuate; Take cover,Rumble; Crash,Shakes,Fast,Cracks ground; Destroys buildings,Underground; City,,,Deadly; Destructive; Collapse,Fear,Brief,
Avalanche,Phenomenon; Natural disaster,White,,,,,Snow; Ice,,Freezing,,,,Evacuate; Rescue,Rumble; Roar,Slides; Falls,Very fast,Buries; Sweeps away,Mountain; Ski slope,Snowy,,Deadly; Destructive; Suffocation; Avalanche risk,Fear,Winter; Brief,
Fire,Phenomenon,Orange; Red; Yellow,Bright; Glowing; Flickering,,,,,,Hot,Smoky,,Heat; Light; Cooking,Light; Warm hands,Crackle; Roar,Rises; Spreads,,Burns; Smolders; Destroys buildings,,,,Burns; Deadly; Destructive,Fear; Comfort,,Prehistoric
Smoke,Phenomenon,Gray; Black,Opaque,,,,Carbon; Gas,Gas,,Smoky,,Signaling; Preserving,Avoid,,Rises; Drifts; Swirls,,Reduces visibility; Darkens sky,Sky; Fireplace,,,Suffocation; Fumes; Irritant,Anxiety,,
